seller_id,seller_name,email,phone,city,state,country,seller_rating,seller_status,joined_date,_dq_issue
S00198,Murthy Grocery Collection,murthygrocerycollect93@gmail.com,6393087059,Hyderabad,Telangana,India,2.6,Active,2020-12-27,
S00189,Sports & Fitness Co. - Pai,sportsfitnesscopai326@gmail.com,9431329121,Coimbatore,Tamil Nadu,India,2.5,Active,2023-07-24,
S00761,Fashion Hub - Bansal,fashionhubbansal782@gmail.com,9216966630,Bengaluru,Karnataka,India,3.8,Active,2025-12-14,
S00076,Kakar Ventures,kakarventures827@gmail.com,9899809402,Bengaluru,Karnataka,India,2.9,Active,2022-10-23,
S00913,Mobiles & Accessories Exports - Bala,mobilesaccessoriesex188@gmail.com,9536749785,Delhi,Delhi,India,2.4,Active,2021-10-31,
S00813,Chahal Furniture House,chahalfurniturehouse617@gmail.com,6919113599,Kolkata,West Bengal,India,3.3,Active,2019-06-13,
S00637,Nath Hub,nathhub106@gmail.com,8919665533,Delhi,Delhi,India,1.8,Active,2019-07-11,
S00717,Tristan Kitchenware Enterprises,tristankitchenwareen230@gmail.com,6637579145,Jaipur,Rajasthan,India,2.4,Active,2019-12-09,
S00324,Pandey Store,pandeystore350@gmail.com,9216893639,Nagpur,Maharashtra,India,2.4,Inactive,2025-10-15,
S00368,Lalla Co.,lallaco752@gmail.com,7852580010,Bengaluru,Karnataka,India,3.3,Active,2024-01-01,
S00833,Yadavi Furniture House,yadavifurniturehouse446@gmail.com,9170715879,Delhi,Delhi,India,3.2,Active,2022-03-22,
S00498,Gautam Sports & Fitness Enterprises,gautamsportsfitnesse239@gmail.com,6767699150,Indore,Madhya Pradesh,India,3.4,Active,2021-02-27,
S00117,Dubey Beauty Collection,dubeybeautycollectio378@gmail.com,8169409749,Surat,Gujarat,India,3.7,Active,2025-07-18,
S00863,Cherian Grocery Enterprises,cheriangroceryenterp65@gmail.com,9509617015,Delhi,Delhi,India,3.7,Inactive,2023-01-20,
S00288,Kibe Kitchenware Retail Pvt Ltd,kibekitchenwareretai221@gmail.com,8717545588,Bengaluru,Karnataka,India,4.5,Active,2019-03-23,
S00856,Sarraf Footwear Hub,sarraffootwearhub134@gmail.com,6904637660,Ahmedabad,Gujarat,India,4.0,Active,2023-03-17,
S00805,Vasa Furniture Store,vasafurniturestore204@gmail.com,8892988085,Pune,Maharashtra,India,3.6,Active,2024-12-14,
S00777,Home & Lifestyle Emporium - Butala,homelifestyleemporiu695@gmail.com,8712705877,Indore,Madhya Pradesh,India,2.4,Active,2023-11-05,
S00651,Fashion Retail Pvt Ltd - Sathe,fashionretailpvtltds903@gmail.com,6209579073,Chennai,Tamil Nadu,India,3.5,Active,2019-03-13,
S00672,Hamsini Kitchenware Retail Pvt Ltd,hamsinikitchenwarere834@gmail.com,7190130205,Delhi,Delhi,India,4.1,Active,2019-10-22,
S00691,Brahmbhatt Furniture House,brahmbhattfurnitureh658@gmail.com,9420595565,Bengaluru,Karnataka,India,3.5,Inactive,2025-12-22,
S00619,Kai Toys & Baby Care Retail Pvt Ltd,kaitoysbabycareretai886@gmail.com,8164807279,Mumbai,Maharashtra,India,2.1,Active,2021-02-07,
S00321,Grocery Traders - Mohan,grocerytradersmohan206@gmail.com,8070164510,Mumbai,Maharashtra,India,2.9,Inactive,2023-05-03,
S00113,Raghavan Collection,raghavancollection221@gmail.com,8004797480,Nagpur,Maharashtra,India,4.3,Active,2021-12-19,
S00828,Electronics Hub - Dass,electronicshubdass21@gmail.com,6805120800,Chennai,Tamil Nadu,India,3.0,Active,2025-05-15,
S00153,Aradhana Home & Lifestyle Co.,aradhanahomelifestyl609@gmail.com,7712406596,Bengaluru,Karnataka,India,4.2,Active,2022-10-03,
S00367,Toys & Baby Care House - Bobal,toysbabycarehousebob985@gmail.com,6185694544,Delhi,Delhi,India,4.2,Active,2025-07-20,
S00935,Johal Fashion Exports,johalfashionexports992@gmail.com,7657422319,Jaipur,Rajasthan,India,3.2,Active,2019-06-21,
S00323,Ganga Beauty Emporium,gangabeautyemporium403@gmail.com,7055543840,Coimbatore,Tamil Nadu,India,3.8,Inactive,2019-05-01,
S00482,Gupta Grocery House,guptagroceryhouse881@gmail.com,8641118242,Bengaluru,Karnataka,India,2.5,Active,2020-09-23,
S00916,Lajita Grocery Enterprises,lajitagroceryenterpr210@gmail.com,6900159446,Hyderabad,Telangana,India,2.8,Active,2025-10-08,
S00259,Electronics Store - Ravel,electronicsstorerave498@gmail.com,9594929955,Delhi,Delhi,India,4.6,Active,2022-07-06,
S00406,Deep Toys & Baby Care Co.,deeptoysbabycareco383@gmail.com,6429025725,Kolkata,West Bengal,India,2.4,Active,2023-09-15,
S00175,Singhal Furniture Retail Pvt Ltd,singhalfurniturereta544@gmail.com,6927532697,Kolkata,West Bengal,India,4.3,Active,2020-02-16,
S00277,Iyengar Mart,iyengarmart35@gmail.com,7920530214,Coimbatore,Tamil Nadu,India,4.2,Active,2023-06-07,
S00408,Kitchenware Co. - Dara,kitchenwarecodara99@gmail.com,8202845765,Delhi,Delhi,India,4.5,Active,2021-06-11,
S00653,Footwear Mart - Pandey,footwearmartpandey913@gmail.com,9148026325,Mumbai,Maharashtra,India,3.5,Active,2023-10-31,
S00163,Furniture Co. - Morar,furniturecomorar941@gmail.com,6251341252,Pune,Maharashtra,India,3.6,Active,2020-07-18,
S00862,Yutika Home & Lifestyle Retail Pvt Ltd,yutikahomelifestyler651@gmail.com,8968436453,Indore,Madhya Pradesh,India,3.6,Active,2021-10-27,
S00347,Fashion Enterprises - Bhattacharyya,fashionenterprisesbh24@gmail.com,8353344857,Bengaluru,Karnataka,India,3.9,Active,2020-10-07,
S00190,Yasti Footwear Store,yastifootwearstore316@gmail.com,9411249035,Pune,Maharashtra,India,2.4,Active,2022-12-28,
S00791,Electronics Emporium - Balasubramanian,electronicsemporiumb951@gmail.com,7334264335,Hyderabad,Telangana,India,1.6,Inactive,2023-12-06,
S00566,Grocery Store - Nori,grocerystorenori11@gmail.com,6636112849,Jaipur,Rajasthan,India,4.2,Active,2024-12-06,
S00473,Rajagopalan Ventures,rajagopalanventures359@gmail.com,8492683158,Lucknow,Uttar Pradesh,India,3.7,Active,2023-01-19,duplicate_seller_record
S00786,Basak Traders,basaktraders123@gmail.com,9667080850,Delhi,Delhi,India,3.7,Inactive,2024-08-27,
S00053,Sidhu Furniture Collection,sidhufurniturecollec209@gmail.com,8824771093,Jaipur,Rajasthan,India,4.0,Active,2019-02-26,
S00741,Wyatt Toys & Baby Care Exports,wyatttoysbabycareexp308@gmail.com,6381664969,Kolkata,West Bengal,India,1.6,Active,2022-05-16,
S00832,Gopal Toys & Baby Care Exports,gopaltoysbabycareexp869@gmail.com,6589988683,Mumbai,Maharashtra,India,2.9,Active,2021-03-22,
S00899,Baria Sports & Fitness Enterprises,bariasportsfitnessen701@gmail.com,7908718274,Delhi,Delhi,India,4.0,Active,2025-01-03,
S00642,Keer Mart,keermart948@gmail.com,7971252967,Ahmedabad,Gujarat,India,3.9,Active,2021-09-12,
S00956,Ray Electronics Retail Pvt Ltd,rayelectronicsretail874@gmail.com,6314217518,Kolkata,West Bengal,India,4.1,Active,2024-03-20,
S00857,Ucchal Books & Stationery House,ucchalbooksstationer725@gmail.com,8254837441,Bengaluru,Karnataka,India,4.5,Inactive,2019-12-14,
S00981,Chandran Collection,chandrancollection28@gmail.com,6904322302,Ahmedabad,Gujarat,India,2.6,Active,2020-06-27,
S00217,Din Beauty Co.,dinbeautyco292@gmail.com,6602933334,Chandigarh,Chandigarh,India,3.9,Active,2026-12-03,invalid_joined_date
S00948,Chopra House,choprahouse833@gmail.com,9765725659,Mumbai,Maharashtra,India,4.4,Active,2020-11-03,
S00964,Ranganathan Books & Stationery Hub,ranganathanbooksstat832@gmail.com,8841604615,Bengaluru,Karnataka,India,2.9,Active,2019-10-09,
S00418,Furniture House - Kohli,furniturehousekohli488@gmail.com,9784271147,Delhi,Delhi,India,3.5,Active,2020-07-05,
S00584,Mobiles & Accessories Emporium - Chokshi,mobilesaccessoriesem743@gmail.com,9382023684,Nagpur,Maharashtra,India,4.4,Active,2025-04-14,
S00464,Kata Books & Stationery Traders,katabooksstationeryt346@gmail.com,9193183745,Pune,Maharashtra,India,4.2,Active,2025-03-31,
S00739,Mobiles & Accessories Emporium - Choudhry,mobilesaccessoriesem578@gmail.com,9905150267,Pune,Maharashtra,India,3.1,Active,2020-02-15,
S00280,Contractor Collection,contractorcollection776@gmail.com,8779071416,Ludhiana,Punjab,India,3.8,Inactive,2021-07-30,
S00138,Toor Enterprises,toorenterprises53@gmail.com,8699013983,Coimbatore,Tamil Nadu,India,3.5,Inactive,2022-09-25,
S00463,Tank Store,tankstore621@gmail.com,9167433800,Chennai,Tamil Nadu,India,3.1,Active,2020-10-11,
S00946,Anika Home & Lifestyle Store,anikahomelifestylest153@gmail.com,7010912172,Ahmedabad,Gujarat,India,2.4,Active,2022-09-24,
S00431,Khare Sports & Fitness House,kharesportsfitnessho207@gmail.com,7420448207,Chennai,Tamil Nadu,India,4.2,Active,2019-12-10,
S00018,Beauty Store - Padmanabhan,beautystorepadmanabh245@gmail.com,8624751079,Hyderabad,Telangana,India,4.9,Inactive,2019-10-28,
S00789,Sports & Fitness Ventures - Ravi,sportsfitnessventure7@gmail.com,9003562439,Kochi,Kerala,India,3.9,Active,2024-02-18,
S00398,Kitchenware Traders - Naik,kitchenwaretradersna353@gmail.com,7578284106,Delhi,Delhi,India,4.5,Active,2024-02-20,
S00521,Saxena Furniture Retail Pvt Ltd,saxenafurnitureretai403@gmail.com,6324841376,Chennai,Tamil Nadu,India,4.8,Active,2023-02-19,
S00814,Palan Toys & Baby Care Collection,palantoysbabycarecol963@gmail.com,9603920514,Bengaluru,Karnataka,India,4.5,Active,2024-02-14,duplicate_seller_record
S00709,Devi House,devihouse793@gmail.com,9796304483,Mumbai,Maharashtra,India,4.4,Active,2019-09-07,
S00609,Choudhry Toys & Baby Care Enterprises,choudhrytoysbabycare976@gmail.com,7322889857,Pune,Maharashtra,India,4.2,Active,2023-01-15,
S00365,Books & Stationery Traders - Kata,booksstationerytrade87@gmail.com,7927663723,Pune,Maharashtra,India,3.7,Active,2019-08-11,
S00134,Shankar Furniture House,shankarfurniturehous247@gmail.com,7119079030,Mumbai,Maharashtra,India,3.3,Active,2021-06-08,
S00432,Nirja Beauty Enterprises,,8162319818,Bengaluru,Karnataka,India,3.9,Active,2024-11-21,null_email
S00864,Khurana Mobiles & Accessories Exports,khuranamobilesaccess583@gmail.com,8575757475,Ahmedabad,Gujarat,India,3.6,Active,2021-07-23,
S00211,Urvashi Beauty Hub,urvashibeautyhub940@gmail.com,6998616229,Bengaluru,Karnataka,India,3.7,Active,2020-02-15,
S00423,Fashion Retail Pvt Ltd - Oak,fashionretailpvtltdo358@gmail.com,6561655650,Mumbai,Maharashtra,India,3.9,Active,2026-04-08,
S00534,Agate Exports,agateexports279@gmail.com,9156627768,Delhi,Delhi,India,3.8,Active,2020-09-30,
S00360,Oscar Mobiles & Accessories Traders,oscarmobilesaccessor868@gmail.com,7846895009,Pune,Maharashtra,India,3.5,Active,2025-07-04,
S00219,Soman Sports & Fitness Ventures,somansportsfitnessve8@gmail.com,8899441715,Chandigarh,Chandigarh,India,4.8,Active,2022-02-08,
S00161,Qushi Furniture House,qushifurniturehouse30@gmail.com,7796603341,Pune,Maharashtra,India,3.7,Active,2025-01-08,
S00413,Shenoy Electronics Ventures,shenoyelectronicsven542@gmail.com,7342801387,Hyderabad,Telangana,India,3.2,Active,2023-12-06,
S00772,Ratta Store,rattastore373@gmail.com,6615814888,Indore,Madhya Pradesh,India,4.4,Inactive,2019-08-18,
S00778,Electronics Collection - Brar,electronicscollectio654@gmail.com,7313348458,Ahmedabad,Gujarat,India,3.5,Active,2025-11-01,
S00646,Goel Grocery Collection,goelgrocerycollectio763@gmail.com,6307240787,Ahmedabad,Gujarat,India,3.1,Active,2025-03-04,duplicate_seller_record
S00129,Saini Home & Lifestyle Exports,sainihomelifestyleex539@gmail.com,9851910883,Chandigarh,Chandigarh,India,3.7,Active,2022-09-05,
S00852,Yash Books & Stationery Ventures,yashbooksstationeryv163@gmail.com,9431271026,Chennai,Tamil Nadu,India,3.5,Active,2019-03-23,
S00755,Furniture Retail Pvt Ltd - Natarajan,furnitureretailpvtlt274@gmail.com,9951330531,Lucknow,Uttar Pradesh,India,3.8,Active,2025-10-31,
S00509,Dey Store,deystore463@gmail.com,7634669254,Ahmedabad,Gujarat,India,3.7,Active,2019-12-11,
S00322,Solanki Sports & Fitness Hub,solankisportsfitness926@gmail.com,8798123878,Delhi,Delhi,India,4.5,Active,2021-10-10,
S00912,Grocery Co. - Saha,grocerycosaha195@gmail.com,8885379821,Kochi,Kerala,India,4.0,Inactive,2026-02-28,
S00950,Kitchenware Emporium - Wali,kitchenwareemporiumw346@gmail.com,6178332584,Kolkata,West Bengal,India,3.6,Inactive,2025-08-15,
S00570,Fashion Enterprises - Kumer,fashionenterprisesku568@gmail.com,9068277881,Pune,Maharashtra,India,3.3,Active,2019-01-30,
S00343,Beauty Ventures - Srinivas,beautyventuressriniv569@gmail.com,6395512405,Chandigarh,Chandigarh,India,4.8,Active,2020-11-10,
S00477,Footwear Mart - Bains,footwearmartbains498@gmail.com,6229604432,Bengaluru,Karnataka,India,4.2,Active,2020-05-16,
S00087,Ekavir Footwear Mart,ekavirfootwearmart419@gmail.com,8905151864,Pune,Maharashtra,India,2.8,Inactive,2025-10-04,
S00978,Prisha Home & Lifestyle Collection,prishahomelifestylec548@gmail.com,6187233351,Indore,Madhya Pradesh,India,1.7,Active,2025-08-03,
S00738,Shankar Mart,shankarmart351@gmail.com,8183437401,Bengaluru,Karnataka,India,3.6,Active,2024-04-30,
S00927,Sridhar Books & Stationery Hub,sridharbooksstatione404@gmail.com,7207223959,Lucknow,Uttar Pradesh,India,4.2,Active,2024-02-07,
S00395,Rattan Exports,rattanexports486@gmail.com,8670431038,Mumbai,Maharashtra,India,3.9,Active,2022-11-05,
S00056,Toys & Baby Care Emporium - Oak,toysbabycareemporium566@gmail.com,9753396360,Chennai,Tamil Nadu,India,3.0,Active,2023-04-11,
S00435,Raju Mobiles & Accessories Traders,rajumobilesaccessori708@gmail.com,7486451837,Mumbai,Maharashtra,India,3.2,Inactive,2023-05-29,
S00383,Karnik Collection,karnikcollection164@gmail.com,6054364597,Ahmedabad,Gujarat,India,1.7,Active,2025-01-10,
S00984,Books & Stationery Ventures - Ahuja,booksstationeryventu908@gmail.com,9298937629,Kochi,Kerala,India,4.3,Active,2022-07-17,
S00558,Anvi Furniture Exports,anvifurnitureexports377@gmail.com,6111178309,Bengaluru,Karnataka,India,3.7,Active,2022-01-26,
S00307,Balakrishnan Fashion Store,balakrishnanfashions498@gmail.com,7109678994,Pune,Maharashtra,India,1.8,Active,2019-10-18,
S00479,Bawa Kitchenware Emporium,bawakitchenwareempor820@gmail.com,9636580741,Chennai,Tamil Nadu,India,4.3,Active,2025-05-31,
S00645,Dua Enterprises,duaenterprises225@gmail.com,8679836314,Ahmedabad,Gujarat,India,3.3,Active,2025-06-22,
S00530,Dass Home & Lifestyle Hub,dasshomelifestylehub239@gmail.com,4792,Kolkata,West Bengal,India,2.3,Active,2021-04-07,invalid_phone_format
S00388,Sarin Ventures,sarinventures914@gmail.com,7906007806,Delhi,Delhi,India,3.6,Active,2020-02-06,
S00783,Pooja Mobiles & Accessories Ventures,poojamobilesaccessor61@gmail.com,6054857417,Delhi,Delhi,India,2.3,Active,2022-08-22,
S00449,Furniture Enterprises - Keer,furnitureenterprises27@gmail.com,8165915201,Jaipur,Rajasthan,India,3.4,Active,2024-05-19,
S00063,Issac Co.,issacco644@gmail.com,6047095214,Kolkata,West Bengal,India,3.0,Active,2021-04-02,
S00633,Rajata Toys & Baby Care Co.,rajatatoysbabycareco447@gmail.com,9342346199,Ahmedabad,Gujarat,India,3.0,Active,2024-06-21,
S00068,Footwear Enterprises - Patil,footwearenterprisesp558@gmail.com,8064317139,Nagpur,Maharashtra,India,4.7,Active,2022-09-28,
S00305,Ucchal Books & Stationery Retail Pvt Ltd,ucchalbooksstationer303@gmail.com,8857086209,Pune,Maharashtra,India,4.3,Active,2021-09-05,
S00764,Mutti Store,muttistore997@gmail.com,9819523710,Ahmedabad,Gujarat,India,4.1,Active,2023-07-23,
S00298,Electronics Mart - Saran,electronicsmartsaran129@gmail.com,9031207356,Pune,Maharashtra,India,3.0,Active,2023-03-02,
S00440,Vora Mobiles & Accessories Store,voramobilesaccessori971@gmail.com,6893173420,Kochi,Kerala,India,3.3,Active,2021-12-01,
S00819,Iyer Kitchenware Mart,iyerkitchenwaremart332@gmail.com,7703824073,Mumbai,Maharashtra,India,4.3,Inactive,2021-10-01,
S00526,Das Home & Lifestyle Store,dashomelifestylestor17@gmail.com,9005313122,Bengaluru,Karnataka,India,1.8,Active,2022-09-01,
S00859,Dhawan Kitchenware Emporium,dhawankitchenwareemp160@gmail.com,9519102312,Surat,Gujarat,India,2.1,Inactive,2019-01-16,
S00380,Baral Traders,baraltraders103@gmail.com,9207100219,Chennai,Tamil Nadu,India,4.4,Active,2024-05-03,
S00441,Aurora Footwear Retail Pvt Ltd,aurorafootwearretail15@gmail.com,9771333447,Pune,Maharashtra,India,3.2,Active,2021-04-26,
S00872,Sports & Fitness Store - Gupta,sportsfitnessstoregu729@gmail.com,7507330559,Mumbai,Maharashtra,India,3.5,Active,2022-01-22,
S00674,Grocery Hub - Bhatti,groceryhubbhatti104@gmail.com,6730985034,Hyderabad,Telangana,India,4.5,Active,2023-01-05,
S00353,Kara Toys & Baby Care House,karatoysbabycarehous349@gmail.com,7966958321,Hyderabad,Telangana,India,4.1,Active,2024-06-16,
S00695,Puri Sports & Fitness Emporium,purisportsfitnessemp361@gmail.com,6579376392,Chennai,Tamil Nadu,India,4.5,Active,2023-07-28,
S00157,Sathe Footwear Co.,sathefootwearco112@gmail.com,7529096561,Hyderabad,Telangana,India,1.4,Active,2024-09-22,
S00923,Beauty Emporium - Roy,beautyemporiumroy491@gmail.com,7239898306,Bengaluru,Karnataka,India,3.2,Active,2020-01-04,
S00149,Oza Collection,ozacollection365@gmail.com,9629619431,Kolkata,West Bengal,India,2.0,Active,2026-02-09,
S00131,Murthy Sports & Fitness Mart,murthysportsfitnessm764@gmail.com,7910651801,Surat,Gujarat,India,4.8,Active,2022-03-21,
S00974,Shanker Books & Stationery Mart,shankerbooksstatione279@gmail.com,8601913443,Surat,Gujarat,India,4.1,Active,2025-03-27,
S00235,Kota Co.,kotaco495@gmail.com,9167014508,Mumbai,Maharashtra,India,4.1,Active,2025-05-03,
S00594,Dhar Store,dharstore492@gmail.com,9245723084,Indore,Madhya Pradesh,India,3.8,Active,2019-07-02,
S00520,Sachi Mobiles & Accessories Collection,sachimobilesaccessor474@gmail.com,6147546926,Hyderabad,Telangana,India,2.8,Inactive,2023-11-05,
S00551,Shanker Mobiles & Accessories Co.,shankermobilesaccess319@gmail.com,6983665528,Ludhiana,Punjab,India,3.9,Active,2020-03-12,
S00547,Varghese Toys & Baby Care Exports,varghesetoysbabycare752@gmail.com,9493289802,Chennai,Tamil Nadu,India,3.5,Active,2025-02-25,
S00750,Toys & Baby Care Collection - Bassi,toysbabycarecollecti52@gmail.com,8465408424,Pune,Maharashtra,India,3.1,Active,2022-08-22,
S00038,Rattan Grocery Ventures,rattangroceryventure797@gmail.com,7419049663,Jaipur,Rajasthan,India,2.0,Active,2026-01-13,
S00887,Pau Toys & Baby Care Retail Pvt Ltd,pautoysbabycareretai116@gmail.com,6379844097,Kochi,Kerala,India,1.9,Active,2021-06-01,
S00115,Sha Electronics Retail Pvt Ltd,shaelectronicsretail404@gmail.com,8585239868,Ahmedabad,Gujarat,India,1.7,Active,2022-09-26,
S00094,Electronics Co. - Chatterjee,electronicscochatter811@gmail.com,7204727790,Mumbai,Maharashtra,India,4.5,Active,2021-06-02,
S00491,Mobiles & Accessories Exports - Wali,mobilesaccessoriesex828@gmail.com,7375047930,Pune,Maharashtra,India,2.6,Active,2023-06-11,
S00150,Sports & Fitness Emporium - Lalla,sportsfitnessemporiu110@gmail.com,6047541212,Pune,Maharashtra,India,3.3,Active,2024-09-29,
S00004,Chaudry Enterprises,chaudryenterprises888@gmail.com,6647525534,Ahmedabad,Gujarat,India,4.0,Active,2019-10-20,
S00694,Karan Furniture Hub,karanfurniturehub325@gmail.com,8394353537,Kolkata,West Bengal,India,3.0,Inactive,2021-09-14,
S00011,Mall Co.,mallco731@gmail.com,8657871331,Coimbatore,Tamil Nadu,India,3.1,Active,2021-07-31,
S00261,Walla Hub,wallahub270@gmail.com,6108099693,Indore,Madhya Pradesh,India,4.5,Active,2025-02-04,
S00536,Zachariah Emporium,zachariahemporium733@gmail.com,9323008576,Kolkata,West Bengal,India,4.5,Inactive,2023-03-09,
S00249,Grocery Ventures - Salvi,groceryventuressalvi6@gmail.com,8720259094,Delhi,Delhi,India,3.5,Active,2023-01-06,
S00531,Biswas Home & Lifestyle Exports,biswashomelifestylee244@gmail.com,9524508640,Pune,Maharashtra,India,2.7,Active,2022-11-04,
S00024,Bath Exports,bathexports274@gmail.com,7160733754,Lucknow,Uttar Pradesh,India,4.2,Inactive,2021-07-02,
S00487,Home & Lifestyle Ventures - Chana,homelifestyleventure47@gmail.com,7891416128,Indore,Madhya Pradesh,India,4.9,Inactive,2021-05-13,
S00661,Mobiles & Accessories Hub - Sengupta,mobilesaccessorieshu131@gmail.com,8062607870,Lucknow,Uttar Pradesh,India,2.0,Active,2026-04-15,
S00285,Bal Home & Lifestyle House,balhomelifestylehous334@gmail.com,8942843479,Mumbai,Maharashtra,India,3.1,Active,2023-10-03,
S00026,Mobiles & Accessories House - Kaul,mobilesaccessoriesho747@gmail.com,8698169340,Mumbai,Maharashtra,India,4.0,Active,2025-01-14,
S00647,Shetty Store,shettystore407@gmail.com,9850745106,Mumbai,Maharashtra,India,4.1,Active,2022-04-19,
S00272,Anirudh Grocery Mart,anirudhgrocerymart785@gmail.com,7149864300,Mumbai,Maharashtra,India,3.7,Active,2019-01-30,
S00759,Gopal Mobiles & Accessories Enterprises,gopalmobilesaccessor406@gmail.com,7319422686,Pune,Maharashtra,India,3.1,Active,2025-09-20,
S00689,Handa Store,handastore151@gmail.com,6310287950,Indore,Madhya Pradesh,India,3.7,Active,2021-11-27,
S00310,Aarna Mobiles & Accessories Emporium,aarnamobilesaccessor720@gmail.com,9122868528,Jaipur,Rajasthan,India,4.9,Active,2022-12-14,
S00010,Kannan Home & Lifestyle Ventures,kannanhomelifestylev88@gmail.com,9182278248,Delhi,Delhi,India,4.4,Active,2021-05-17,
S00364,Mobiles & Accessories Mart - Manne,mobilesaccessoriesma879@gmail.com,8019292752,Delhi,Delhi,India,2.8,Active,2024-06-09,
S00702,Grocery Mart - Walla,grocerymartwalla621@gmail.com,6342138820,Chennai,Tamil Nadu,India,3.8,Active,2025-01-20,
S00949,Chandresh Sports & Fitness Enterprises,chandreshsportsfitne897@gmail.com,8202389743,Ludhiana,Punjab,India,4.0,Active,2019-02-07,
S00622,Mekhala Beauty Exports,mekhalabeautyexports650@gmail.com,8911110961,Chennai,Tamil Nadu,India,3.5,Active,2025-02-09,
S00246,Reddy Mart,reddymart860@gmail.com,6438057198,Patna,Bihar,India,4.3,Active,2025-04-17,
S00303,Korpal Exports,korpalexports719@gmail.com,6273585730,Mumbai,Maharashtra,India,4.0,Active,2020-07-05,
S00971,Anjali Furniture Store,anjalifurniturestore501@gmail.com,8604067200,Indore,Madhya Pradesh,India,4.1,Active,2021-04-14,
S00283,Contractor Furniture Collection,contractorfurniturec783@gmail.com,6759579472,Ahmedabad,Gujarat,India,4.8,Inactive,2022-02-21,
S00767,Bansal Electronics Emporium,bansalelectronicsemp470@gmail.com,9345475749,Delhi,Delhi,India,2.9,Active,2020-07-27,
S00678,Bumb Mart,bumbmart22@gmail.com,6038960870,Bengaluru,Karnataka,India,3.2,Active,2020-05-27,
S00752,Babu Co.,babuco941@gmail.com,9015502916,Bengaluru,Karnataka,India,3.6,Active,2022-10-15,
S00508,Furniture Hub - Rege,furniturehubrege511@gmail.com,9255877749,Hyderabad,Telangana,India,3.3,Inactive,2025-07-19,
S00867,Dhaliwal House,dhaliwalhouse311@gmail.com,8337976627,Delhi,Delhi,India,4.7,Active,2020-03-10,
S00248,Furniture Co. - Bhatia,furniturecobhatia774@gmail.com,7347212281,Chandigarh,Chandigarh,India,3.2,Active,2025-03-29,
S00684,Yashoda Mobiles & Accessories House,yashodamobilesaccess20@gmail.com,9670336268,Mumbai,Maharashtra,India,1.8,Active,2025-01-27,
S00206,Grocery Traders - Acharya,grocerytradersachary4@gmail.com,9149731032,Indore,Madhya Pradesh,India,3.9,Inactive,2024-04-23,
S00045,Mohini Kitchenware Retail Pvt Ltd,mohinikitchenwareret106@gmail.com,6947775204,Hyderabad,Telangana,India,4.6,Active,2019-09-25,
S00660,Furniture Co. - Shere,furniturecoshere480@gmail.com,8676670806,Hyderabad,Telangana,India,2.1,Active,2022-05-23,
S00901,Nath Toys & Baby Care Store,nathtoysbabycarestor397@gmail.com,7604235973,Delhi,Delhi,India,4.0,Active,2020-04-20,
S00096,Roy Hub,royhub736@gmail.com,7460953962,Hyderabad,Telangana,India,3.9,Active,2023-01-17,
S00982,Vansha Fashion Exports,vanshafashionexports232@gmail.com,7013546212,Delhi,Delhi,India,3.5,Active,2023-03-15,
S00174,Raja Co.,rajaco490@gmail.com,6361115542,Chandigarh,Chandigarh,India,3.2,Active,2020-06-29,
S00231,Kitchenware Collection - Savant,kitchenwarecollectio241@gmail.com,,Coimbatore,Tamil Nadu,India,4.0,Active,2021-11-14,null_phone
S00683,Home & Lifestyle Enterprises - Datta,homelifestyleenterpr743@gmail.com,7037710704,Jaipur,Rajasthan,India,2.9,Active,2019-12-13,
S00194,Agarwal Toys & Baby Care Retail Pvt Ltd,agarwaltoysbabycarer629@gmail.com,7476870146,Delhi,Delhi,India,2.3,Active,2024-11-23,
S00756,Mobiles & Accessories House - Basu,mobilesaccessoriesho555@gmail.com,9780555572,Chandigarh,Chandigarh,India,3.4,Active,2021-05-12,
S00933,Toys & Baby Care Enterprises - Misra,toysbabycareenterpri340@gmail.com,7482012840,Nagpur,Maharashtra,India,1.6,Active,2024-11-04,
S00079,Siya Beauty Exports,siyabeautyexports540@gmail.com,8036900343,Chennai,Tamil Nadu,India,4.1,Active,2022-03-31,
S00904,Dey Beauty Collection,deybeautycollection995@gmail.com,7961803324,Bengaluru,Karnataka,India,2.3,Active,2019-02-15,
S00646,Goel Grocery Collection,goelgrocerycollectio763@gmail.com,6307240787,Ahmedabad,Gujarat,India,3.1,Active,2025-03-04,
S00817,Sports & Fitness Store - Pathak,sportsfitnessstorepa877@gmail.com,9557522501,Kolkata,West Bengal,India,2.6,Active,2024-09-04,
S00915,Behl Toys & Baby Care Ventures,behltoysbabycarevent488@gmail.com,9651221500,Kolkata,West Bengal,India,4.3,Active,2025-02-24,
S00197,Boase Emporium,boaseemporium181@gmail.com,7955905992,Indore,Madhya Pradesh,India,3.7,Active,2024-07-09,
S00308,Qabil Home & Lifestyle Exports,qabilhomelifestyleex951@gmail.com,6705865094,Mumbai,Maharashtra,India,3.6,Active,2022-05-29,
S00668,Kota Retail Pvt Ltd,kotaretailpvtltd361@gmail.com,8724461767,Bengaluru,Karnataka,India,3.8,Active,2024-09-07,
S00550,Verma House,vermahouse229@gmail.com,8141115931,Ahmedabad,Gujarat,India,3.7,Active,2022-07-07,
S00456,Jagrati Kitchenware Collection,jagratikitchenwareco639@gmail.com,8523219416,Bengaluru,Karnataka,India,3.6,Active,2020-04-22,
S00250,Bahri Emporium,bahriemporium980@gmail.com,7818268861,Mumbai,Maharashtra,India,3.1,Inactive,2026-06-10,
S00486,Karan Sports & Fitness Hub,karansportsfitnesshu43@gmail.com,6794200749,Hyderabad,Telangana,India,2.8,Active,2022-12-10,
S00592,Golla Retail Pvt Ltd,gollaretailpvtltd838@gmail.com,9931216376,Delhi,Delhi,India,2.1,Active,2019-02-18,
S00781,Buch Emporium,buchemporium999@gmail.com,9403344505,Mumbai,Maharashtra,India,3.3,Active,2025-04-04,
S00064,Books & Stationery Emporium - Prakash,booksstationeryempor851@gmail.com,7474517123,Pune,Maharashtra,India,4.3,Active,2023-06-16,
S00278,Dua Home & Lifestyle Hub,duahomelifestylehub755@gmail.com,6184895543,Bengaluru,Karnataka,India,3.8,Active,2023-07-13,
S00074,Gandhi Toys & Baby Care Enterprises,gandhitoysbabycareen852@gmail.com,6161528098,Ahmedabad,Gujarat,India,3.7,Active,2023-08-10,
S00595,Tanveer Beauty Enterprises,tanveerbeautyenterpr146@gmail.com,6303662543,Mumbai,Maharashtra,India,4.5,Active,2020-04-05,
S00907,Yashica Home & Lifestyle Mart,yashicahomelifestyle62@gmail.com,9056035679,Bengaluru,Karnataka,India,4.3,Active,2020-06-05,
S00410,Footwear Retail Pvt Ltd - Mukhopadhyay,footwearretailpvtltd30@gmail.com,6322342321,Hyderabad,Telangana,India,3.3,Active,2020-04-02,
S00002,Yash Kitchenware Exports,yashkitchenwareexpor226@gmail.com,9940265423,Hyderabad,Telangana,India,4.6,Active,2020-01-15,
S00411,Reddy Toys & Baby Care House,reddytoysbabycarehou202@gmail.com,6089071401,Mumbai,Maharashtra,India,3.0,Active,2020-01-31,
S00162,Benjamin Footwear Store,benjaminfootwearstor117@gmail.com,8785969691,Pune,Maharashtra,India,3.1,Active,2025-12-03,
S00559,Nair Ventures,nairventures394@gmail.com,9649215182,Ahmedabad,Gujarat,India,3.3,Active,2023-06-01,
S00212,Mobiles & Accessories Enterprises - Gara,mobilesaccessoriesen889@gmail.com,8646799702,Coimbatore,Tamil Nadu,India,2.9,Active,2025-10-29,
S00821,Jalsa Mobiles & Accessories House,jalsamobilesaccessor765@gmail.com,8546553585,Indore,Madhya Pradesh,India,2.0,Active,2022-08-10,
S00664,Shravya Toys & Baby Care Traders,shravyatoysbabycaret401@gmail.com,6146723849,Delhi,Delhi,India,4.0,Inactive,2025-12-02,
S00881,Manda Hub,mandahub407@gmail.com,7280944858,Kolkata,West Bengal,India,3.2,Active,2025-10-24,
S00088,Varkey Enterprises,varkeyenterprises939@gmail.com,8462914865,Indore,Madhya Pradesh,India,4.2,Active,2024-11-26,
S00671,Mandal Footwear Ventures,mandalfootwearventur946@gmail.com,7517629833,Chennai,Tamil Nadu,India,2.8,Active,2022-03-17,
S00082,Nigam Sports & Fitness Hub,nigamsportsfitnesshu406@gmail.com,8535218188,Chennai,Tamil Nadu,India,2.6,Active,2022-12-09,duplicate_seller_record
S00748,Anmol Furniture Exports,anmolfurnitureexport433@gmail.com,6464197857,Mumbai,Maharashtra,India,4.0,Active,2023-02-03,
S00257,Sunder Mobiles & Accessories House,sundermobilesaccesso313@gmail.com,7536822239,Mumbai,Maharashtra,India,4.3,Active,2021-01-12,
S00232,Toys & Baby Care Mart - Sandhu,toysbabycaremartsand476@gmail.com,6120455611,Ahmedabad,Gujarat,India,4.3,Inactive,2019-02-09,
S00033,Turvi Grocery Store,turvigrocerystore711@gmail.com,7316658760,Mumbai,Maharashtra,India,2.6,Active,2025-07-20,
S00457,Raagini Furniture Collection,raaginifurniturecoll709@gmail.com,9974995641,Mumbai,Maharashtra,India,2.3,Active,2020-04-03,
S00711,Prabhu Retail Pvt Ltd,prabhuretailpvtltd799@gmail.com,6995298006,Bengaluru,Karnataka,India,2.1,Active,2022-12-15,
S00886,Pau Kitchenware Emporium,paukitchenwareempori287@gmail.com,9040142473,Ludhiana,Punjab,India,2.2,Active,2019-05-05,
S00673,Gaurika Furniture Co.,gaurikafurnitureco195@gmail.com,7978559821,Bengaluru,Karnataka,India,3.4,Active,2019-10-18,
S00152,George Grocery Exports,georgegroceryexports174@gmail.com,7444721264,Hyderabad,Telangana,India,3.3,Active,2019-11-12,
S00320,Ravel Emporium,ravelemporium758@gmail.com,7388487920,Chennai,Tamil Nadu,India,3.2,Inactive,2024-11-27,
S00282,Pillay Exports,pillayexports511@gmail.com,7334333395,Delhi,Delhi,India,2.4,Active,2019-11-18,
S00794,Keer Toys & Baby Care Traders,keertoysbabycaretrad390@gmail.com,9615541643,Hyderabad,Telangana,India,5.0,Active,2026-03-21,
S00337,Grocery Retail Pvt Ltd - Walla,groceryretailpvtltdw626@gmail.com,7795014556,Chennai,Tamil Nadu,India,4.2,Active,2025-03-04,
S00237,Electronics Collection - Khare,electronicscollectio247@gmail.com,8408386631,Indore,Madhya Pradesh,India,3.4,Active,2024-01-10,
S00516,Oeshi Mobiles & Accessories Ventures,oeshimobilesaccessor391@gmail.com,7618637159,Hyderabad,Telangana,India,4.7,Active,2022-06-01,
S00114,Ramakrishnan Sports & Fitness Emporium,ramakrishnansportsfi411@gmail.com,6983584168,Surat,Gujarat,India,3.4,Active,2025-12-27,
S00541,Owen Electronics Co.,owenelectronicsco538@gmail.com,9462252237,Mumbai,Maharashtra,India,2.5,Inactive,2024-01-20,
S00725,Nagar Exports,nagarexports80@gmail.com,7134249128,Hyderabad,Telangana,India,3.7,Active,2022-09-14,
S00957,Toys & Baby Care Exports - Sood,toysbabycareexportss805@gmail.com,6515263840,Hyderabad,Telangana,India,4.5,Active,2019-12-20,
S00800,Wagle Electronics Co.,wagleelectronicsco735@gmail.com,9491334245,Delhi,Delhi,India,4.0,Active,2025-08-16,
S00016,Chanda Retail Pvt Ltd,chandaretailpvtltd304@gmail.com,7098050097,Ahmedabad,Gujarat,India,3.5,Inactive,2020-10-06,
S00299,Vig Fashion Emporium,vigfashionemporium864@gmail.com,7046187234,Chennai,Tamil Nadu,India,4.2,Active,2020-05-14,
S00504,Kaur Mobiles & Accessories Emporium,kaurmobilesaccessori999@gmail.com,6334234258,Pune,Maharashtra,India,2.8,Active,2020-12-22,
S00420,Toys & Baby Care Store - Halder,toysbabycarestorehal678@gmail.com,9784858800,Jaipur,Rajasthan,India,4.8,Inactive,2020-05-02,
S00344,Oak Sports & Fitness Retail Pvt Ltd,oaksportsfitnessreta886@gmail.com,8504617357,Hyderabad,Telangana,India,4.3,Active,2024-11-20,
S00822,Pillay Store,pillaystore99@gmail.com,9851935837,Indore,Madhya Pradesh,India,2.9,Active,2024-02-29,
S00884,Raagini Footwear Store,raaginifootwearstore970@gmail.com,9576927789,Chandigarh,Chandigarh,India,2.9,Inactive,2021-10-14,
S00265,Chandresh Sports & Fitness Exports,chandreshsportsfitne375@gmail.com,6846386557,Hyderabad,Telangana,India,4.2,Inactive,2019-01-28,
S00338,Mahal Toys & Baby Care Retail Pvt Ltd,mahaltoysbabycareret712@gmail.com,8586833901,Mumbai,Maharashtra,India,3.7,Inactive,2024-12-06,
S00429,Tamanna Furniture Hub,tamannafurniturehub958@gmail.com,6835723246,Delhi,Delhi,India,3.3,Inactive,2019-09-21,
S00263,Chacko Exports,chackoexports776@gmail.com,7722992750,Indore,Madhya Pradesh,India,2.7,Active,2019-09-15,
S00514,Rama Emporium,ramaemporium440@gmail.com,9377805292,Bengaluru,Karnataka,India,3.0,Active,2024-08-09,
S00497,Mekhala Fashion Traders,mekhalafashiontrader321@gmail.com,6207049611,Pune,Maharashtra,India,3.9,Active,2022-04-22,
S00839,Bhanumati Kitchenware Co.,bhanumatikitchenware292@gmail.com,8494116318,Ludhiana,Punjab,India,4.3,Active,2024-10-23,
S00586,Mallick Co.,mallickco759@gmail.com,9788127868,Ludhiana,Punjab,India,4.2,Active,2022-01-17,
S00688,Om Collection,omcollection419@gmail.com,6914985172,Chennai,Tamil Nadu,India,2.8,Active,2021-11-29,
S00080,Yug Fashion Collection,yugfashioncollection180@gmail.com,7683885160,Bengaluru,Karnataka,India,3.4,Active,2019-11-15,
S00804,Grewal Home & Lifestyle Collection,grewalhomelifestylec124@gmail.com,8254768182,Pune,Maharashtra,India,3.3,Inactive,2024-09-23,
S00823,Gabriel Toys & Baby Care Ventures,gabrieltoysbabycarev67@gmail.com,7087805721,Kolkata,West Bengal,India,4.0,Active,2022-02-04,
S00014,Tanveer Home & Lifestyle Hub,tanveerhomelifestyle144@gmail.com,9247317810,Delhi,Delhi,India,3.9,Active,2019-03-02,
S00908,Upadhyay House,upadhyayhouse248@gmail.com,8716906181,Chennai,Tamil Nadu,India,4.0,Active,2026-03-12,
S00444,Lanka Mobiles & Accessories Exports,lankamobilesaccessor6@gmail.com,8896465280,Coimbatore,Tamil Nadu,India,3.7,Active,2024-08-25,
S00979,Falak Beauty Exports,falakbeautyexports915@gmail.com,7153911498,Bengaluru,Karnataka,India,4.1,Inactive,2021-09-14,
S00425,Mandal Toys & Baby Care Ventures,mandaltoysbabycareve325@gmail.com,9965917135,Mumbai,Maharashtra,India,3.5,Active,2026-06-26,
S00769,Beauty House - Batta,beautyhousebatta653@gmail.com,7039429045,Pune,Maharashtra,India,4.0,Active,2024-10-17,
S00634,Toys & Baby Care House - Rattan,toysbabycarehouserat836@gmail.com,8919663955,Chennai,Tamil Nadu,India,4.4,Active,2024-01-15,
S00184,Garima Kitchenware Co.,garimakitchenwareco230@gmail.com,8365419518,Hyderabad,Telangana,India,3.9,Active,2021-07-03,
S00218,Batra Exports,batraexports616@gmail.com,6349446657,Chennai,Tamil Nadu,India,2.8,Active,2024-11-02,
S00098,Bhat Footwear Retail Pvt Ltd,bhatfootwearretailpv361@gmail.com,8277221704,Surat,Gujarat,India,2.6,Active,2019-06-21,
S00732,Tanveer Grocery Enterprises,tanveergroceryenterp855@gmail.com,6070518439,Indore,Madhya Pradesh,India,4.1,Active,2022-07-20,
S00073,Dave Exports,daveexports441@gmail.com,9365766156,Lucknow,Uttar Pradesh,India,3.0,Active,2020-09-17,
S00356,Darpan Furniture Mart,darpanfurnituremart736@gmail.com,8190986240,Hyderabad,Telangana,India,3.2,Active,2019-08-06,
S00233,Dutt Exports,duttexports337@gmail.com,8794155216,Indore,Madhya Pradesh,India,3.3,Active,2023-04-29,
S00118,Teerth Books & Stationery Exports,teerthbooksstationer152@gmail.com,7091307562,Chennai,Tamil Nadu,India,3.3,Active,2024-08-17,
S00050,Sports & Fitness Co. - Dua,sportsfitnesscodua619@gmail.com,8013990490,Kolkata,West Bengal,India,4.1,Active,2024-10-26,
S00289,Mitra Exports,mitraexports591@gmail.com,7455877169,Bengaluru,Karnataka,India,2.9,Active,2020-08-16,
S00585,Pillai Footwear Collection,pillaifootwearcollec933@gmail.com,9176880294,Ludhiana,Punjab,India,4.0,Active,2019-07-06,
S00290,Idika Furniture Emporium,idikafurnitureempori647@gmail.com,9112535544,Indore,Madhya Pradesh,India,3.8,Active,2023-12-28,
S00553,Pooja Kitchenware Ventures,poojakitchenwarevent647@gmail.com,7746052330,Delhi,Delhi,India,4.5,Active,2024-06-19,
S00911,Narula Emporium,narulaemporium580@gmail.com,7543586449,Hyderabad,Telangana,India,3.3,Active,2025-11-16,
S00962,Sports & Fitness Retail Pvt Ltd - Gill,sportsfitnessretailp349@gmail.com,9185174460,Ahmedabad,Gujarat,India,1.6,Active,2021-01-26,
S00581,Beauty Emporium - Chawla,beautyemporiumchawla966@gmail.com,8635020005,Delhi,Delhi,India,2.6,Active,2025-10-20,
S00965,Grewal Mobiles & Accessories Traders,grewalmobilesaccesso913@gmail.com,9075681429,Mumbai,Maharashtra,India,4.6,Inactive,2021-10-11,
S00564,Siya Beauty Exports,siyabeautyexports963@gmail.com,7831435989,Mumbai,Maharashtra,India,2.4,Active,2022-07-19,
S00188,Chopra Footwear Collection,choprafootwearcollec595@gmail.com,6826199062,Bengaluru,Karnataka,India,2.7,Active,2022-07-14,
S00779,Furniture Retail Pvt Ltd - Gole,furnitureretailpvtlt161@gmail.com,7622925879,Delhi,Delhi,India,4.2,Active,2022-01-08,
S00421,Ekaraj Footwear House,ekarajfootwearhouse471@gmail.com,6028427624,Bengaluru,Karnataka,India,4.0,Active,2020-03-24,
S00644,Hora Exports,horaexports480@gmail.com,9371539885,Mumbai,Maharashtra,India,4.1,Active,2024-02-03,duplicate_seller_record
S00193,Basu Footwear Enterprises,basufootwearenterpri965@gmail.com,9029667066,Mumbai,Maharashtra,India,2.5,Active,2021-02-05,
S00621,Irya Toys & Baby Care House,iryatoysbabycarehous361@gmail.com,8868512765,Ahmedabad,Gujarat,India,2.5,Active,2025-02-01,
S00309,Sura Home & Lifestyle Hub,surahomelifestylehub104@gmail.com,7863383928,Mumbai,Maharashtra,India,4.1,Active,2020-03-08,
S00474,Warjas Grocery Co.,warjasgroceryco849@gmail.com,9110627371,Chennai,Tamil Nadu,India,3.2,Active,2025-08-06,
S00782,Damini Home & Lifestyle Store,daminihomelifestyles877@gmail.com,8113257970,Hyderabad,Telangana,India,4.2,Active,2024-06-17,
S00638,Bose Sports & Fitness Enterprises,bosesportsfitnessent464@gmail.com,7959639040,Patna,Bihar,India,3.9,Inactive,2019-01-20,
S00005,Sami Hub,samihub168@gmail.com,9648350305,Kolkata,West Bengal,India,3.3,Active,2025-05-12,
S00318,Badal Mobiles & Accessories Enterprises,badalmobilesaccessor688@gmail.com,9655355904,Ahmedabad,Gujarat,India,2.5,Active,2023-12-17,
S00350,Dixit Emporium,dixitemporium731@gmail.com,6792171747,Kolkata,West Bengal,India,3.5,Inactive,2020-08-11,
S00610,Darika Sports & Fitness Traders,darikasportsfitnesst245@gmail.com,7991297102,Kolkata,West Bengal,India,4.1,Active,2019-12-24,
S00203,Osha Grocery House,oshagroceryhouse903@gmail.com,9586179327,Surat,Gujarat,India,2.0,Active,2022-04-22,
S00753,Hemani Kitchenware Mart,hemanikitchenwaremar411@gmail.com,6241613944,Coimbatore,Tamil Nadu,India,3.8,Active,2021-09-25,
S00848,Bath House,bathhouse482@gmail.com,6874960335,Ahmedabad,Gujarat,India,3.7,Active,2023-04-24,
S00579,Bhavna Sports & Fitness Store,bhavnasportsfitnesss724@gmail.com,6892392312,Ahmedabad,Gujarat,India,3.3,Active,2021-02-26,
S00944,Toys & Baby Care Enterprises - Kunda,toysbabycareenterpri608@gmail.com,8981942179,Kochi,Kerala,India,4.3,Active,2024-10-09,
S00052,Lakshmi Books & Stationery Traders,lakshmibooksstatione91@gmail.com,8451680876,Nagpur,Maharashtra,India,1.8,Active,2025-12-25,
S00926,Johal Grocery Hub,johalgroceryhub798@gmail.com,9852282305,Delhi,Delhi,India,4.3,Active,2024-10-03,
S00145,Desai Collection,desaicollection714@gmail.com,7410166687,Mumbai,Maharashtra,India,1.8,Active,2020-12-02,
S00943,Pal Kitchenware Emporium,palkitchenwareempori42@gmail.com,7451091090,Ahmedabad,Gujarat,India,4.2,Active,2020-11-27,
S00942,Mani Electronics Enterprises,manielectronicsenter85@gmail.com,6286712007,Bengaluru,Karnataka,India,2.5,Active,2023-02-11,
S00986,Sekhon Exports,sekhonexports55@gmail.com,7832308981,Hyderabad,Telangana,India,2.8,Active,2022-10-21,
S00489,Gill Mobiles & Accessories Collection,gillmobilesaccessori924@gmail.com,6268768118,Coimbatore,Tamil Nadu,India,1.6,Active,2023-12-29,
S00234,Sengupta House,senguptahouse116@gmail.com,7021697972,Ahmedabad,Gujarat,India,3.8,Active,2025-11-09,
S00092,Solanki Retail Pvt Ltd,solankiretailpvtltd821@gmail.com,7407581814,Hyderabad,Telangana,India,2.0,Active,2024-01-15,
S00640,Hari Toys & Baby Care Ventures,haritoysbabycarevent403@gmail.com,8771591030,Jaipur,Rajasthan,India,4.3,Active,2022-08-15,
S00921,Max Electronics Ventures,maxelectronicsventur173@gmail.com,9335564343,Pune,Maharashtra,India,3.2,Inactive,2019-04-10,
S00358,Aishani Home & Lifestyle Hub,aishanihomelifestyle864@gmail.com,8624220102,Chennai,Tamil Nadu,India,4.0,Active,2023-11-24,
S00173,Dutta Mart,duttamart440@gmail.com,6103712938,Mumbai,Maharashtra,India,4.0,Active,2022-11-08,
S00836,Modi Mobiles & Accessories Traders,modimobilesaccessori945@gmail.com,9314035263,Hyderabad,Telangana,India,3.2,Active,2019-07-03,
S00561,Electronics Hub - Setty,electronicshubsetty872@gmail.com,6118458260,Ahmedabad,Gujarat,India,2.8,Active,2024-10-28,
S00381,Home & Lifestyle Retail Pvt Ltd - Naidu,homelifestyleretailp536@gmail.com,9632909279,Ahmedabad,Gujarat,India,4.6,Active,2022-05-18,
S00820,Khalsa Exports,khalsaexports149_at_gmail,6430977688,Kochi,Kerala,India,4.9,Active,2021-02-01,invalid_email_format
S00151,Fashion Enterprises - Suresh,fashionenterprisessu568@gmail.com,6995604661,Bengaluru,Karnataka,India,4.0,Active,2021-09-21,
S00019,Bassi Mart,bassimart956@gmail.com,8135427849,Hyderabad,Telangana,India,4.8,Active,2024-12-06,
S00670,Kashish Toys & Baby Care Exports,kashishtoysbabycaree332@gmail.com,7312661094,Ahmedabad,Gujarat,India,2.2,Active,2019-10-26,
S00319,Menon Traders,menontraders205@gmail.com,8211039240,Kolkata,West Bengal,India,3.1,Active,2022-06-03,
S00616,Mann Mobiles & Accessories House,mannmobilesaccessori959@gmail.com,8673030644,Mumbai,Maharashtra,India,3.9,Active,2019-10-11,
S00932,Koshy Grocery Exports,koshygroceryexports303@gmail.com,8057661945,Delhi,Delhi,India,4.2,Active,2019-06-15,
S00446,Beauty Mart - Narasimhan,beautymartnarasimhan530@gmail.com,8625728703,Coimbatore,Tamil Nadu,India,2.4,Active,2019-05-27,
S00271,Krishnan Mobiles & Accessories Hub,krishnanmobilesacces919@gmail.com,9865086376,Pune,Maharashtra,India,3.1,Active,2025-06-17,
S00549,Beauty Store - Kant,beautystorekant682@gmail.com,9128715399,Kochi,Kerala,India,1.9,Active,2023-04-13,
S00070,Khosla Fashion Retail Pvt Ltd,khoslafashionretailp367@gmail.com,7950240268,Mumbai,Maharashtra,India,2.2,Active,2024-01-11,
S00853,Ravi Collection,ravicollection459@gmail.com,6795515122,Kolkata,West Bengal,India,3.8,Active,2020-09-04,
S00773,Raju Store,rajustore263@gmail.com,7337209484,Chennai,Tamil Nadu,India,2.1,Active,2019-09-18,
S00317,Swaminathan Retail Pvt Ltd,swaminathanretailpvt493@gmail.com,7769389833,Hyderabad,Telangana,India,2.0,Active,2022-08-17,
S00751,Prakash Fashion Ventures,prakashfashionventur366@gmail.com,6863218122,Delhi,Delhi,India,3.8,Active,2022-01-30,
S00022,Memon Enterprises,memonenterprises559@gmail.com,6598262045,Hyderabad,Telangana,India,4.4,Active,2019-06-13,
S00578,Sports & Fitness Collection - Pandya,sportsfitnesscollect289@gmail.com,9163928234,Jaipur,Rajasthan,India,4.1,Inactive,2021-10-10,
S00565,Kari Sports & Fitness House,karisportsfitnesshou988@gmail.com,7141818615,Patna,Bihar,India,3.9,Active,2022-09-28,
S00953,Urmi Toys & Baby Care Store,urmitoysbabycarestor3@gmail.com,9014886084,Mumbai,Maharashtra,India,4.1,Active,2024-07-27,
S00207,Shivansh Beauty House,shivanshbeautyhouse501@gmail.com,8186256527,Indore,Madhya Pradesh,India,1.8,Active,2021-12-14,
S00196,Raagini Beauty Traders,raaginibeautytraders543@gmail.com,8932133480,Mumbai,Maharashtra,India,4.1,Inactive,2025-06-16,
S00494,Hamsini Books & Stationery Collection,hamsinibooksstatione371@gmail.com,6304687506,,Maharashtra,India,2.6,Active,2025-05-31,missing_city_or_state
S00593,Rattan Sports & Fitness House,rattansportsfitnessh113@gmail.com,6023142900,Kolkata,West Bengal,India,4.6,Active,2022-10-18,
S00046,Pathak Electronics Ventures,pathakelectronicsven156@gmail.com,7941318699,Bengaluru,Karnataka,India,4.2,Active,2024-11-10,
S00345,Behl Electronics Emporium,behlelectronicsempor797@gmail.com,7178078235,Delhi,Delhi,India,4.5,Active,2024-11-14,
S00455,Electronics Collection - Nair,electronicscollectio364@gmail.com,8918017226,Chennai,Tamil Nadu,India,1.8,Active,2022-05-04,
S00366,Mandal Traders,mandaltraders476@gmail.com,9747836674,Kolkata,West Bengal,India,2.4,Inactive,2019-02-18,
S00466,Footwear Retail Pvt Ltd - Kumer,footwearretailpvtltd726@gmail.com,9871255213,Indore,Madhya Pradesh,India,3.4,Active,2019-01-27,
S00687,Sports & Fitness Traders - Gole,sportsfitnesstraders371@gmail.com,8490149542,Bengaluru,Karnataka,India,3.4,Active,2019-02-06,
S00735,Khanna Grocery Co.,khannagroceryco191@gmail.com,8902035713,Coimbatore,Tamil Nadu,India,3.0,Active,2021-02-21,
S00824,Dayamai Kitchenware Traders,dayamaikitchenwaretr442@gmail.com,7637484539,Hyderabad,Telangana,India,4.2,Active,2023-07-26,
S00210,Sathe Store,sathestore130@gmail.com,6616329451,Nagpur,Maharashtra,India,2.1,Active,2025-03-11,
S00729,Footwear Collection - Dewan,footwearcollectionde746@gmail.com,9398365203,Mumbai,Maharashtra,India,3.4,Active,2019-01-23,
S00371,Sports & Fitness House - Lata,sportsfitnesshousela62@gmail.com,8427173962,Jaipur,Rajasthan,India,3.9,Active,2025-01-23,
S00617,Abhimanyu Electronics Mart,abhimanyuelectronics893@gmail.com,9834201654,Delhi,Delhi,India,2.5,Active,2023-09-13,
S00081,Devansh Mobiles & Accessories House,devanshmobilesaccess727@gmail.com,9416052975,Indore,Madhya Pradesh,India,2.1,Active,2021-09-23,
S00107,Zachariah Footwear Exports,zachariahfootwearexp461@gmail.com,9852892268,Mumbai,Maharashtra,India,4.5,Active,2020-05-23,
S00731,Anirudh Mobiles & Accessories Traders,anirudhmobilesaccess623@gmail.com,9727810509,Kolkata,West Bengal,India,4.4,Active,2020-12-25,
S00831,Kabir Toys & Baby Care Exports,kabirtoysbabycareexp803@gmail.com,9181535237,Coimbatore,Tamil Nadu,India,2.6,Active,2023-01-07,
S00966,Barad Grocery Retail Pvt Ltd,baradgroceryretailpv646@gmail.com,6732283608,Mumbai,Maharashtra,India,4.4,Active,2021-02-07,
S00676,Zayyan Fashion Emporium,zayyanfashionemporiu268@gmail.com,7502385037,Ahmedabad,Gujarat,India,2.0,Inactive,2025-11-03,
S00710,Footwear Mart - Ben,footwearmartben422@gmail.com,9766404735,Hyderabad,Telangana,India,3.9,Active,2024-01-08,
S00471,Krishna Mart,krishnamart96@gmail.com,8852008943,Hyderabad,Telangana,India,4.3,Active,2023-09-28,
S00682,Furniture Store - Puri,furniturestorepuri327@gmail.com,6056974132,Delhi,Delhi,India,4.3,Active,2022-06-03,
S00059,Adya Kitchenware Enterprises,adyakitchenwareenter101@gmail.com,6724005045,Patna,Bihar,India,3.2,Active,2024-12-15,
S00880,Bava Beauty Collection,bavabeautycollection686@gmail.com,9810390339,Mumbai,Maharashtra,India,3.5,Active,2019-11-27,
S00499,Rana Fashion Ventures,ranafashionventures608@gmail.com,7928456797,Mumbai,Maharashtra,India,2.5,Active,2019-06-30,
S00256,Mahajan Collection,mahajancollection547@gmail.com,7268424508,Chandigarh,Chandigarh,India,4.4,Active,2019-06-21,
S00304,Shravya Fashion Collection,shravyafashioncollec573@gmail.com,8873928557,Delhi,Delhi,India,2.9,Active,2025-03-21,
S00726,Mobiles & Accessories Ventures - Nayak,mobilesaccessoriesve990@gmail.com,9320331922,Kolkata,West Bengal,India,2.5,Inactive,2022-08-17,
S00611,Bath Emporium,bathemporium957@gmail.com,8214955112,Hyderabad,Telangana,India,4.0,Active,2024-04-22,
S00043,Footwear Collection - Lanka,footwearcollectionla436@gmail.com,8574443135,Ahmedabad,Gujarat,India,2.2,Active,2021-01-28,
S00743,Grocery Mart - Sanghvi,grocerymartsanghvi83@gmail.com,7336132850,Delhi,Delhi,India,3.5,Active,2024-04-12,
S00213,Yutika Sports & Fitness Traders,yutikasportsfitnesst911@gmail.com,8307450544,Ahmedabad,Gujarat,India,2.9,Active,2020-02-07,
S00397,Murty Ventures,murtyventures729@gmail.com,8222231059,Delhi,Delhi,India,2.3,Active,2021-01-25,
S00513,Yogi Mobiles & Accessories Exports,yogimobilesaccessori484@gmail.com,7633373898,Nagpur,Maharashtra,India,4.1,Active,2024-03-04,
S00101,Saumya Beauty Mart,saumyabeautymart618@gmail.com,9275705964,Bengaluru,Karnataka,India,3.9,Active,2019-08-23,
S00825,Books & Stationery Exports - Rao,booksstationeryexpor884@gmail.com,6905911918,Pune,Maharashtra,India,3.3,Active,2021-03-08,
S00556,Buch Kitchenware Ventures,buchkitchenwareventu695@gmail.com,7662015720,Mumbai,Maharashtra,India,6.3,Active,2022-10-18,invalid_seller_rating
S00099,Ikbal Beauty Hub,ikbalbeautyhub835@gmail.com,9403450541,Bengaluru,Karnataka,India,4.2,Active,2023-06-27,
S00262,Ramesh Collection,rameshcollection375@gmail.com,9394278816,Kochi,Kerala,India,3.2,Active,2021-09-05,
S00377,Magar Retail Pvt Ltd,magarretailpvtltd948@gmail.com,6027079032,Nagpur,Maharashtra,India,1.4,Active,2022-06-12,
S00602,Bawa Kitchenware Enterprises,bawakitchenwareenter489@gmail.com,7025213109,Bengaluru,Karnataka,India,4.3,Active,2021-01-17,
S00720,Bera Kitchenware Co.,berakitchenwareco944@gmail.com,6616202812,Hyderabad,Telangana,India,2.6,Inactive,2020-04-10,
S00245,Oeshi Furniture Co.,oeshifurnitureco691@gmail.com,8608106200,Hyderabad,Telangana,India,2.6,Active,2020-10-21,
S00102,Furniture House - Dey,furniturehousedey526@gmail.com,7029702135,Mumbai,Maharashtra,India,3.2,Inactive,2019-05-13,
S00156,,groceryexportslala248@gmail.com,8266179796,Ahmedabad,Gujarat,India,3.6,Inactive,2023-09-10,missing_seller_name
S00734,Choudhry House,choudhryhouse651@gmail.com,6448515791,Delhi,Delhi,India,3.7,Active,2020-04-21,
S00013,Arunima Home & Lifestyle Collection,arunimahomelifestyle195@gmail.com,6165667010,Kolkata,West Bengal,India,3.3,Active,2020-03-23,
S00939,Mobiles & Accessories Mart - Raghavan,mobilesaccessoriesma110@gmail.com,7833372188,Mumbai,Maharashtra,India,3.2,Active,2023-09-14,
S00445,Rao Collection,raocollection92@gmail.com,8862415027,Chennai,Tamil Nadu,India,4.4,Active,2023-01-16,
S00929,Furniture Hub - Sharaf,furniturehubsharaf806@gmail.com,9486287203,Chennai,Tamil Nadu,India,2.0,Inactive,2022-05-07,
S00796,Home & Lifestyle Co. - Bali,homelifestylecobali381@gmail.com,9262282251,Mumbai,Maharashtra,India,4.2,Active,2021-04-15,
S00470,Panini Kitchenware House,paninikitchenwarehou660@gmail.com,7899756341,Coimbatore,Tamil Nadu,India,1.7,Active,2020-05-31,
S00086,Bir Hub,birhub981@gmail.com,6715182037,Bengaluru,Karnataka,India,4.8,Active,2025-11-02,
S00296,Janaki Home & Lifestyle Retail Pvt Ltd,janakihomelifestyler849@gmail.com,9341638944,Chennai,Tamil Nadu,India,3.9,Active,2022-01-06,
S00330,Handa Kitchenware Traders,handakitchenwaretrad463@gmail.com,9038860868,Hyderabad,Telangana,India,4.1,Inactive,2021-02-16,
S00480,Mangat Kitchenware Mart,mangatkitchenwaremar660@gmail.com,6398909837,Kolkata,West Bengal,India,3.5,Active,2026-05-20,
S00869,Rajagopalan Sports & Fitness Ventures,rajagopalansportsfit614@gmail.com,7845525971,,Gujarat,India,1.5,Active,2021-10-05,missing_city_or_state
S00012,Dutta Fashion Enterprises,duttafashionenterpri235@gmail.com,6051834738,Kolkata,West Bengal,India,2.3,Inactive,2025-05-27,
S00048,Mobiles & Accessories Collection - Tak,mobilesaccessoriesco34@gmail.com,7447134936,Chennai,Tamil Nadu,India,2.2,Active,2020-09-02,
S00983,Yuvraj Grocery Exports,yuvrajgroceryexports112@gmail.com,6231261632,Mumbai,Maharashtra,India,2.8,Active,2025-03-23,
S00656,Furniture Retail Pvt Ltd - Barad,furnitureretailpvtlt499@gmail.com,8140703491,Kolkata,West Bengal,India,1.8,Active,2023-10-29,
S00448,Banik Mart,banikmart855@gmail.com,7849939089,Bengaluru,Karnataka,India,2.5,Inactive,2021-10-05,
S00084,Mobiles & Accessories Exports - Amble,mobilesaccessoriesex885@gmail.com,8271774490,Ahmedabad,Gujarat,India,3.1,Active,2024-03-06,
S00706,Manda Collection,mandacollection497@gmail.com,7742318306,Ahmedabad,Gujarat,India,1.9,Active,2021-05-04,
S00669,Sarna Mart,sarnamart715@gmail.com,8995996100,Jaipur,Rajasthan,India,4.3,Active,2020-01-31,
S00715,Sengupta House,senguptahouse852@gmail.com,8568044731,Mumbai,Maharashtra,India,2.8,Active,2024-04-14,
S00057,Memon Exports,memonexports508@gmail.com,6289517187,Bengaluru,Karnataka,India,1.4,Active,2026-05-05,
S00165,Zaid Home & Lifestyle House,zaidhomelifestylehou419@gmail.com,9677219034,Chennai,Tamil Nadu,India,1.6,Active,2022-03-28,
S00599,Ekta Toys & Baby Care House,ektatoysbabycarehous711@gmail.com,9952366878,Bengaluru,Karnataka,India,3.6,Active,2021-07-31,
S00290,Idika Furniture Emporium,idikafurnitureempori647@gmail.com,9112535544,Indore,Madhya Pradesh,India,3.8,Active,2023-12-28,duplicate_seller_record
S00294,Sports & Fitness Hub - Arora,sportsfitnesshubaror931@gmail.com,8783174564,Kochi,Kerala,India,2.4,Active,2024-11-13,
S00042,Shanker Books & Stationery Store,shankerbooksstatione248@gmail.com,9783777014,Hyderabad,Telangana,India,2.7,Active,2022-06-08,
S00331,Sports & Fitness Mart - Sule,sportsfitnessmartsul473@gmail.com,7649082771,Delhi,Delhi,India,4.0,Active,2025-07-25,
S00826,Vora Retail Pvt Ltd,voraretailpvtltd31@gmail.com,9151169666,Delhi,Delhi,India,4.0,Active,2022-11-07,
S00121,Kitchenware Mart - Bedi,kitchenwaremartbedi125@gmail.com,9652404157,Bengaluru,Karnataka,India,3.9,Active,2021-05-26,
S00155,Nath Sports & Fitness Emporium,nathsportsfitnessemp955@gmail.com,7982807374,Bengaluru,Karnataka,India,4.3,Active,2023-08-03,
S00143,Mittal Kitchenware Retail Pvt Ltd,mittalkitchenwareret224@gmail.com,9509977008,Delhi,Delhi,India,3.7,Active,2024-12-08,
S00615,Footwear Enterprises - Devan,footwearenterprisesd351@gmail.com,9371470827,Delhi,Delhi,India,2.4,Active,2025-05-16,
S00548,Yahvi Toys & Baby Care Retail Pvt Ltd,yahvitoysbabycareret978@gmail.com,6783332116,Patna,Bihar,India,4.9,Active,2022-08-30,
S00522,Electronics Hub - Patil,electronicshubpatil420@gmail.com,9243807017,Mumbai,Maharashtra,India,3.2,Active,2021-03-07,
S00196,Raagini Beauty Traders,raaginibeautytraders543@gmail.com,8932133480,Mumbai,Maharashtra,India,4.1,Inactive,2025-06-16,duplicate_seller_record
S00417,Grocery Enterprises - Subramanian,groceryenterprisessu999@gmail.com,7539613674,Jaipur,Rajasthan,India,4.1,Active,2025-08-28,
S00484,Baral Ventures,baralventures505@gmail.com,9140578617,Mumbai,Maharashtra,India,1.6,Active,2019-03-18,
S00385,Gill Sports & Fitness Store,gillsportsfitnesssto483@gmail.com,9062397265,Indore,Madhya Pradesh,India,2.3,Active,2026-02-01,
S00961,Warrior Kitchenware Emporium,warriorkitchenwareem640@gmail.com,6534864010,Patna,Bihar,India,4.6,Active,2020-07-14,
S00934,Toys & Baby Care House - Mishra,toysbabycarehousemis818@gmail.com,9595450891,Bengaluru,Karnataka,India,4.4,Active,2023-11-11,
S00202,Merchant Grocery Exports,merchantgroceryexpor842@gmail.com,8704331541,Patna,Bihar,India,4.0,Active,2023-11-30,
S00613,Samarth Footwear Enterprises,samarthfootwearenter519@gmail.com,9409038021,Nagpur,Maharashtra,India,2.9,Active,2023-06-24,
S00327,Mobiles & Accessories Ventures - Dara,mobilesaccessoriesve621@gmail.com,7933051728,Mumbai,Maharashtra,India,4.3,Active,2026-04-14,
S00958,Grocery Retail Pvt Ltd - Mani,groceryretailpvtltdm165@gmail.com,7750566186,Patna,Bihar,India,2.6,Active,2026-02-24,
S00618,Tank Co.,tankco989@gmail.com,9596089319,Chennai,Tamil Nadu,India,3.8,Active,2022-07-20,
S00704,Sports & Fitness Collection - Hari,sportsfitnesscollect89@gmail.com,7415131528,Chennai,Tamil Nadu,India,3.1,Active,2024-10-01,
S00264,Deshmukh Traders,deshmukhtraders531@gmail.com,8677005184,Delhi,Delhi,India,4.3,Active,2025-02-07,
S00903,Electronics Mart - Dixit,electronicsmartdixit487@gmail.com,9832102192,Mumbai,Maharashtra,India,3.9,Active,2025-02-14,
S00628,Nidhi Kitchenware Retail Pvt Ltd,nidhikitchenwarereta650@gmail.com,8233438364,Mumbai,Maharashtra,India,3.9,Active,2020-08-11,
S00361,Borde Enterprises,bordeenterprises748@gmail.com,8781891371,Chennai,Tamil Nadu,India,4.0,Active,2025-07-02,
S00745,Books & Stationery Enterprises - Saha,booksstationeryenter501@gmail.com,6392355580,Kolkata,West Bengal,India,3.8,Active,2019-11-13,
S00910,Badal Ventures,badalventures481@gmail.com,8175889144,Ahmedabad,Gujarat,India,4.5,Inactive,2025-08-31,
S00355,Mishra Grocery Ventures,mishragroceryventure776@gmail.com,7278469973,Mumbai,Maharashtra,India,2.6,Inactive,2022-05-12,
S00108,Chander Retail Pvt Ltd,chanderretailpvtltd331@gmail.com,7584143842,Hyderabad,Telangana,India,3.8,Active,2020-01-18,
S00924,Sinha Grocery Enterprises,sinhagroceryenterpri257@gmail.com,6847242642,Surat,Gujarat,India,2.7,Active,2024-11-02,
S00179,Sports & Fitness Hub - Bajwa,sportsfitnesshubbajw644@gmail.com,9661889241,Nagpur,Maharashtra,India,3.0,Active,2021-04-12,
S00742,Dhawan Hub,dhawanhub975@gmail.com,7250142576,Kochi,Kerala,India,2.5,Active,2020-08-27,
S00658,Gautam Footwear Store,gautamfootwearstore433@gmail.com,9144942965,Mumbai,Maharashtra,India,4.2,Active,2021-03-28,
S00443,Toys & Baby Care Retail Pvt Ltd - Borde,toysbabycareretailpv998@gmail.com,9366941180,Mumbai,Maharashtra,India,1.8,Inactive,2024-04-12,
S00849,Omaja Sports & Fitness Retail Pvt Ltd,omajasportsfitnessre25@gmail.com,7692492693,Nagpur,Maharashtra,India,2.4,Active,2021-10-03,
S00920,Fashion Hub - Sastry,fashionhubsastry211@gmail.com,9685507896,Jaipur,Rajasthan,India,4.3,Active,2023-03-08,
S00600,Charles Mobiles & Accessories Co.,charlesmobilesaccess540@gmail.com,7135030587,Bengaluru,Karnataka,India,4.6,Inactive,2019-09-02,
S00239,Mangal Hub,mangalhub671@gmail.com,9550375899,Delhi,Delhi,India,3.5,Active,2024-01-28,
S00860,Nagar Store,nagarstore52@gmail.com,6658373792,Chennai,Tamil Nadu,India,3.5,Active,2025-08-21,
S00478,Abhiram Electronics Traders,abhiramelectronicstr493@gmail.com,8975679228,Hyderabad,Telangana,India,3.9,Active,2026-06-25,
S00544,Ishaan Beauty Collection,ishaanbeautycollecti776@gmail.com,8965555356,Patna,Bihar,India,3.2,Active,2022-12-29,
S00754,Hemang Fashion Emporium,hemangfashionemporiu221@gmail.com,9424809624,Ahmedabad,Gujarat,India,2.9,Active,2019-03-18,
S00284,Mukhopadhyay Mobiles & Accessories Retail Pvt Ltd,mukhopadhyaymobilesa539@gmail.com,9780856271,Bengaluru,Karnataka,India,4.0,Active,2019-02-04,
S00390,Nilima Fashion Collection,nilimafashioncollect791@gmail.com,7625701658,Jaipur,Rajasthan,India,1.6,Active,2022-01-10,
S00136,Harish Grocery Exports,harishgroceryexports570@gmail.com,9056856624,Kochi,Kerala,India,3.2,Active,2024-04-23,
S00023,Handa Exports,handaexports683@gmail.com,6586923226,Kochi,Kerala,India,1.6,Active,2022-09-22,
S00724,Kapur Mobiles & Accessories Retail Pvt Ltd,kapurmobilesaccessor359@gmail.com,7503446945,Kolkata,West Bengal,India,3.8,Active,2021-11-09,
S00020,Yadav Books & Stationery Mart,yadavbooksstationery962@gmail.com,7411824493,Mumbai,Maharashtra,India,4.0,Active,2026-02-10,
S00803,Comar Emporium,comaremporium262@gmail.com,8787158415,Jaipur,Rajasthan,India,3.3,Active,2025-02-03,
S00097,Bhagat Books & Stationery Hub,bhagatbooksstationer400@gmail.com,9065405153,Mumbai,Maharashtra,India,4.1,Active,2025-07-11,
S00281,Shroff Sports & Fitness Emporium,shroffsportsfitnesse718@gmail.com,8341651827,Lucknow,Uttar Pradesh,India,3.0,Active,2025-06-07,
S00028,Janya Sports & Fitness Exports,janyasportsfitnessex694@gmail.com,7994680443,Pune,Maharashtra,India,3.3,Active,2026-05-05,
S00442,Rout Co.,routco429@gmail.com,7620443973,Kolkata,West Bengal,India,3.2,Active,2024-02-20,
S00588,Loke Traders,loketraders965@gmail.com,8240338105,Hyderabad,Telangana,India,3.8,Inactive,2022-08-22,
S00405,Furniture Exports - Jani,furnitureexportsjani428@gmail.com,7730147195,Chennai,Tamil Nadu,India,3.7,Active,2021-11-22,
S00374,Reva Fashion House,revafashionhouse125@gmail.com,8546015851,Hyderabad,Telangana,India,4.3,Active,2022-04-02,
S00890,Ethan Mobiles & Accessories Emporium,ethanmobilesaccessor841@gmail.com,9825588255,Bengaluru,Karnataka,India,3.3,Active,2023-03-05,
S00554,Chokshi Exports,chokshiexports23@gmail.com,9567566184,Surat,Gujarat,India,2.9,Inactive,2025-02-22,
S00407,Footwear Traders - Sarma,footweartraderssarma299@gmail.com,6832192855,Kolkata,West Bengal,India,4.3,Active,2022-05-18,
S00069,Khatri Ventures,khatriventures71@gmail.com,7933529042,Delhi,Delhi,India,4.8,Active,2020-12-15,
S00051,Devansh Beauty Retail Pvt Ltd,devanshbeautyretailp651@gmail.com,9175655125,Ahmedabad,Gujarat,India,3.3,Active,2026-06-06,
S00386,Beauty Store - Venkataraman,beautystorevenkatara131@gmail.com,6904217762,Bengaluru,Karnataka,India,4.1,Active,2022-04-23,
S00716,Din Enterprises,dinenterprises991@gmail.com,9847488360,Bengaluru,Karnataka,India,4.9,Active,2023-03-07,
S00416,Electronics Collection - Mahajan,electronicscollectio184@gmail.com,6716781126,Pune,Maharashtra,India,3.3,Active,2020-02-21,
S00015,Harsh Home & Lifestyle Retail Pvt Ltd,harshhomelifestylere498@gmail.com,9360260647,Ludhiana,Punjab,India,2.9,Active,2025-03-26,
S00818,Kapur Mart,kapurmart408@gmail.com,6311964258,Ahmedabad,Gujarat,India,3.1,Active,2023-04-27,
S00067,Isaac Grocery House,isaacgroceryhouse380@gmail.com,9926179640,Kochi,Kerala,India,4.0,Active,2023-12-27,
S00757,Parth Grocery Exports,parthgroceryexports262@gmail.com,9091785138,Hyderabad,Telangana,India,3.2,Active,2022-07-15,
S00266,Lad Collection,ladcollection236_at_gmail,6843222591,Hyderabad,Telangana,India,3.9,Active,2022-09-14,invalid_email_format
S00562,Hardik Beauty Exports,hardikbeautyexports144@gmail.com,9585988310,Kochi,Kerala,India,2.7,Active,2022-05-12,
S00286,Kitchenware Emporium - Prashad,kitchenwareemporiump875@gmail.com,9472929314,Delhi,Delhi,India,4.2,Active,2023-04-10,
S00577,Nirja Sports & Fitness Hub,nirjasportsfitnesshu135@gmail.com,6102258030,Bengaluru,Karnataka,India,3.9,Active,2025-09-11,
S00675,Chandra Grocery Mart,chandragrocerymart548@gmail.com,7898469081,Mumbai,Maharashtra,India,3.7,Inactive,2021-12-13,
S00168,Fashion Ventures - Khalsa,fashionventureskhals546@gmail.com,8982544948,Lucknow,Uttar Pradesh,India,4.8,ACTIVE!,2020-01-26,invalid_seller_status
S00419,Dhillon Kitchenware Traders,dhillonkitchenwaretr511@gmail.com,6269524991,Mumbai,Maharashtra,India,4.1,Active,2024-10-30,
S00776,Amara Home & Lifestyle Ventures,amarahomelifestyleve1@gmail.com,8694725878,Jaipur,Rajasthan,India,2.9,Active,2021-12-18,
S00763,Iyengar Store,iyengarstore469@gmail.com,8327352410,Bengaluru,Karnataka,India,2.6,Active,2021-09-30,
S00252,Electronics House - Pandey,electronicshousepand554@gmail.com,8085887704,Bengaluru,Karnataka,India,4.4,Active,2024-10-05,
S00790,Home & Lifestyle Ventures - Varghese,homelifestyleventure915@gmail.com,7323421089,Ahmedabad,Gujarat,India,4.6,Active,2020-06-05,
S00058,Electronics Collection - Dugar,electronicscollectio347@gmail.com,9158657809,Ludhiana,Punjab,India,1.9,Active,2022-03-23,
S00369,Kitchenware Mart - Sandal,kitchenwaremartsanda198@gmail.com,6091093911,Bengaluru,Karnataka,India,2.1,Active,2023-03-20,
S00255,Sura Kitchenware Ventures,surakitchenwareventu775@gmail.com,6158144914,Mumbai,Maharashtra,India,4.1,Active,2023-06-07,
S00807,Lad Emporium,lademporium739@gmail.com,8014843991,Kochi,Kerala,India,1.9,Active,2020-08-11,
S00841,Hegde Hub,hegdehub787@gmail.com,7509025425,Jaipur,Rajasthan,India,3.4,Inactive,2019-08-20,
S00936,Nadig Retail Pvt Ltd,nadigretailpvtltd429@gmail.com,7626894301,Mumbai,Maharashtra,India,2.4,Active,2024-05-30,
S00240,Magar Furniture Store,magarfurniturestore350@gmail.com,8488510272,Mumbai,Maharashtra,India,4.2,Active,2023-08-04,
S00895,Prakash Electronics Store,prakashelectronicsst17@gmail.com,6413211471,Hyderabad,Telangana,India,3.3,Active,2023-07-09,
S00462,Books & Stationery Store - Raja,booksstationerystore944@gmail.com,9246657293,Chennai,Tamil Nadu,India,2.9,Active,2026-06-25,
S00808,Bhavika Grocery Store,bhavikagrocerystore806@gmail.com,7669335134,Chennai,Tamil Nadu,India,2.3,Active,2025-07-27,
S00127,Toys & Baby Care Mart - Dar,toysbabycaremartdar310@gmail.com,6453017426,Bengaluru,Karnataka,India,4.0,Inactive,2022-06-27,
S00652,Maharaj Store,maharajstore774@gmail.com,7114577584,Hyderabad,Telangana,India,3.9,Active,2024-02-23,
S00029,Gaba Collection,gabacollection524@gmail.com,9214895134,Bengaluru,Karnataka,India,2.7,Active,2019-04-11,
S00083,Karpe Retail Pvt Ltd,karperetailpvtltd106@gmail.com,7432921277,Surat,Gujarat,India,4.1,Active,2024-01-13,
S00036,Beauty House - Bhalla,beautyhousebhalla217@gmail.com,9556464170,Pune,Maharashtra,India,4.1,Active,2022-12-04,
S00226,Goda Books & Stationery Store,godabooksstationerys693@gmail.com,6335421689,Jaipur,Rajasthan,India,3.0,Active,2019-07-07,
S00597,Setty House,settyhouse915@gmail.com,8945147541,Kolkata,West Bengal,India,4.2,Inactive,2020-08-31,
S00293,Furniture Emporium - Toor,furnitureemporiumtoo885@gmail.com,9784872829,Mumbai,Maharashtra,India,3.8,Active,2026-02-17,
S00877,Ramaswamy Co.,ramaswamyco509@gmail.com,6122182315,Mumbai,Maharashtra,India,4.7,Active,2023-08-18,
S00003,Footwear Emporium - Kapoor,footwearemporiumkapo827@gmail.com,6781618495,Bengaluru,Karnataka,India,3.7,Active,2019-07-07,
S00450,Karan Beauty Ventures,karanbeautyventures338@gmail.com,6975923045,Chennai,Tamil Nadu,India,4.2,Active,2025-02-19,
S00458,Dhingra Kitchenware Store,dhingrakitchenwarest215@gmail.com,9236831472,Lucknow,Uttar Pradesh,India,3.5,Active,2020-11-11,
S00185,Bala Fashion House,balafashionhouse899@gmail.com,9445187053,Lucknow,Uttar Pradesh,India,2.9,Active,2025-12-25,
S00120,Kitchenware Exports - Murthy,kitchenwareexportsmu625@gmail.com,9334843443,Bengaluru,Karnataka,India,4.0,Active,2024-05-19,
S00511,Tailor Collection,tailorcollection272@gmail.com,6514888143,Bengaluru,Karnataka,India,2.1,Active,2019-06-06,
S00260,Joshua Home & Lifestyle Co.,joshuahomelifestylec284@gmail.com,8257775478,Delhi,Delhi,India,2.2,Active,2019-12-02,
S00829,Borah Retail Pvt Ltd,borahretailpvtltd652@gmail.com,9283512959,Hyderabad,Telangana,India,2.5,Active,2020-12-28,
S00696,Furniture Retail Pvt Ltd - Gaba,furnitureretailpvtlt815@gmail.com,8551166829,Ahmedabad,Gujarat,India,3.5,Inactive,2021-03-22,
S00021,Books & Stationery Collection - Radhakrishnan,booksstationerycolle928@gmail.com,6164005242,Indore,Madhya Pradesh,India,4.1,Active,2023-10-18,
S00254,Fashion Retail Pvt Ltd - Yohannan,fashionretailpvtltdy572@gmail.com,6934667665,Mumbai,Maharashtra,India,1.5,Active,2024-12-30,
S00297,Sharaf Retail Pvt Ltd,sharafretailpvtltd297@gmail.com,6797497350,Bengaluru,Karnataka,India,2.4,Inactive,2019-04-01,
S00947,Laksh Mobiles & Accessories Store,lakshmobilesaccessor446@gmail.com,9189437052,Ahmedabad,Gujarat,India,3.2,Active,2019-07-20,
S00166,Irya Toys & Baby Care Ventures,iryatoysbabycarevent563@gmail.com,6914858078,Pune,Maharashtra,India,2.7,Active,2026-05-01,
S00225,Sandal Enterprises,sandalenterprises630@gmail.com,9666760083,Jaipur,Rajasthan,India,4.1,Inactive,2022-08-12,
S00719,Grocery Traders - Bala,grocerytradersbala706@gmail.com,9043878753,Jaipur,Rajasthan,India,3.0,Active,2024-10-08,
S00605,Oeshi Fashion Store,oeshifashionstore189@gmail.com,6775662056,Bengaluru,Karnataka,India,2.6,Active,2019-11-15,
S00501,Sha Furniture Retail Pvt Ltd,shafurnitureretailpv244@gmail.com,6653331537,Kolkata,West Bengal,India,4.0,Inactive,2025-09-22,
S00126,Keer Exports,keerexports180@gmail.com,9685161227,Lucknow,Uttar Pradesh,India,3.0,Active,2021-12-04,
S00428,Pai Emporium,paiemporium425@gmail.com,9498782082,Chennai,Tamil Nadu,India,3.7,Active,2024-03-29,
S00274,Udarsh Sports & Fitness Hub,udarshsportsfitnessh184@gmail.com,8887449562,Jaipur,Rajasthan,India,4.3,Active,2021-07-30,
S00316,Khosla Sports & Fitness Collection,khoslasportsfitnessc228@gmail.com,9462251790,Ahmedabad,Gujarat,India,3.6,Active,2023-06-21,
S00975,Grewal Hub,grewalhub643@gmail.com,9802058695,Indore,Madhya Pradesh,India,1.1,Active,2020-03-20,
S00607,Vala Mobiles & Accessories Ventures,valamobilesaccessori578@gmail.com,9005140546,Delhi,Delhi,India,3.5,Active,2023-05-20,
S00612,Rana Exports,ranaexports963@gmail.com,6970546692,Patna,Bihar,India,3.4,Active,2026-01-02,
S00708,Ryan Footwear Hub,ryanfootwearhub303@gmail.com,6314675361,Bengaluru,Karnataka,India,2.5,Inactive,2026-05-29,
S00730,Footwear Enterprises - Sen,footwearenterprisess938@gmail.com,8809404760,Kolkata,West Bengal,India,4.9,Active,2022-01-28,
S00171,Nisha Sports & Fitness Store,nishasportsfitnessst275@gmail.com,8458929750,Delhi,Delhi,India,1.8,Active,2024-02-26,
S00681,Dayita Grocery Ventures,dayitagroceryventure491@gmail.com,6114837537,Patna,Bihar,India,4.0,Inactive,2025-03-08,
S00665,Chauhan Grocery Exports,chauhangroceryexport190@gmail.com,7328837744,Pune,Maharashtra,India,3.9,Inactive,2024-07-12,
S00806,Dalal Enterprises,dalalenterprises651@gmail.com,7289634064,Pune,Maharashtra,India,3.2,Active,2023-09-22,
S00679,Palla Hub,pallahub119@gmail.com,9195535603,Chennai,Tamil Nadu,India,2.7,Active,2021-07-19,
S00078,Prakash Retail Pvt Ltd,prakashretailpvtltd773@gmail.com,6147679764,Kolkata,West Bengal,India,-1.0,Active,2022-11-14,invalid_seller_rating
S00793,Date Mobiles & Accessories Co.,datemobilesaccessori167@gmail.com,7179556331,Hyderabad,Telangana,India,4.2,Active,2021-11-11,
S00438,Harish Grocery Exports,harishgroceryexports811@gmail.com,7063459112,Kolkata,West Bengal,India,2.8,Active,2026-04-13,
S00104,Shere Sports & Fitness Hub,sheresportsfitnesshu269@gmail.com,8739473121,Hyderabad,Telangana,India,3.4,Inactive,2023-12-29,
S00980,Chadha Mart,chadhamart674@gmail.com,6736511893,Mumbai,Maharashtra,India,4.5,Active,2023-10-16,
S00422,Oeshi Toys & Baby Care Exports,oeshitoysbabycareexp488@gmail.com,7806479695,Hyderabad,Telangana,India,4.1,Active,2019-09-09,
S00784,Ganesan House,ganesanhouse895@gmail.com,7949381735,Patna,Bihar,India,3.7,Active,2021-12-03,
S00582,Mohammed Grocery Mart,mohammedgrocerymart373@gmail.com,8411082555,Mumbai,Maharashtra,India,4.1,Active,2025-10-12,
S00177,Palla Mart,pallamart531@gmail.com,7640376137,Indore,Madhya Pradesh,India,3.9,Active,2019-02-19,
S00850,Grocery Collection - Balasubramanian,grocerycollectionbal626@gmail.com,6111000515,Indore,Madhya Pradesh,India,4.5,Active,2020-09-08,
S00580,Muni Traders,munitraders94@gmail.com,6668433567,Coimbatore,Tamil Nadu,India,1.9,Active,2019-07-31,
S00030,Pant Toys & Baby Care Ventures,panttoysbabycarevent467@gmail.com,9936763201,Mumbai,Maharashtra,India,4.2,Active,2024-10-22,
S00906,Ramaswamy Grocery House,ramaswamygroceryhous150@gmail.com,7821781923,Delhi,Delhi,India,3.8,Active,2026-01-06,
S00223,Kohli Furniture Ventures,kohlifurnitureventur484@gmail.com,7816846022,Mumbai,Maharashtra,India,4.8,Active,2025-05-21,
S00454,Electronics Collection - Balakrishnan,electronicscollectio153@gmail.com,7438649081,Chennai,Tamil Nadu,India,4.5,Active,2024-09-22,
S00811,Borah Home & Lifestyle Hub,borahhomelifestylehu91@gmail.com,8376601444,Jaipur,Rajasthan,India,3.9,Active,2026-06-24,
S00221,Hayer Traders,hayertraders352@gmail.com,7875842824,Bengaluru,Karnataka,India,2.1,Active,2021-11-25,
S00469,Sathe Exports,satheexports925@gmail.com,6846684550,Bengaluru,Karnataka,India,4.3,Inactive,2025-11-05,
S00624,Tripti Furniture Co.,triptifurnitureco8@gmail.com,8384444630,Bengaluru,Karnataka,India,4.4,Active,2019-03-05,
S00180,Grocery Hub - Rastogi,groceryhubrastogi401@gmail.com,6463031617,Ludhiana,Punjab,India,3.8,Active,2026-06-21,
S00481,Grocery Traders - Pandey,grocerytraderspandey806@gmail.com,7397189569,Nagpur,Maharashtra,India,1.8,Inactive,2019-04-06,
S00124,Buch House,buchhouse957@gmail.com,6672400499,Coimbatore,Tamil Nadu,India,2.2,Inactive,2022-03-11,
S00451,Guneet Sports & Fitness Enterprises,guneetsportsfitnesse262@gmail.com,7361032664,Nagpur,Maharashtra,India,3.9,Inactive,2020-09-23,
S00844,Thakkar Electronics Store,thakkarelectronicsst578@gmail.com,6079649673,Jaipur,Rajasthan,India,4.0,Active,2022-11-14,
S00563,Contractor Retail Pvt Ltd,contractorretailpvtl606@gmail.com,8429618446,Indore,Madhya Pradesh,India,3.9,Active,2024-02-12,
S00055,Yadav Co.,yadavco885@gmail.com,6465840449,Coimbatore,Tamil Nadu,India,3.7,Active,2020-08-31,
S00402,Guha Beauty Collection,guhabeautycollection221@gmail.com,9674266299,Bengaluru,Karnataka,India,2.0,Active,2024-04-28,
S00854,Furniture Store - Setty,furniturestoresetty300@gmail.com,6597099625,Mumbai,Maharashtra,India,4.3,Active,2022-02-21,
S00247,Books & Stationery Co. - Shukla,booksstationerycoshu710@gmail.com,6666580043,Bengaluru,Karnataka,India,3.8,Active,2023-12-20,
S00568,Chandran Exports,chandranexports674@gmail.com,7269405396,Pune,Maharashtra,India,4.0,Active,2022-12-20,
S00392,Cheema Books & Stationery Co.,cheemabooksstationer575@gmail.com,7253817933,Pune,Maharashtra,India,3.0,Inactive,2024-08-24,
S00795,Toys & Baby Care Traders - Pathak,toysbabycaretradersp748@gmail.com,8023290282,Lucknow,Uttar Pradesh,India,2.3,Active,2019-06-09,
S00524,Bhat Fashion Ventures,bhatfashionventures182@gmail.com,8186210427,Pune,Maharashtra,India,3.1,Active,2019-05-22,
S00815,Beauty Emporium - Mannan,beautyemporiummannan361@gmail.com,7470574238,Indore,Madhya Pradesh,India,4.1,Active,2022-08-11,
S00146,Sports & Fitness Exports - D’Alia,sportsfitnessexports580@gmail.com,6803397401,Mumbai,Maharashtra,India,4.0,Active,2025-02-02,
S00677,Doctor Fashion Emporium,doctorfashionemporiu973@gmail.com,9991872401,Surat,Gujarat,India,1.7,Active,2026-04-17,
S00034,Anamika Fashion Ventures,anamikafashionventur489@gmail.com,6546688937,Nagpur,Maharashtra,India,2.7,Active,2019-04-29,
S00159,Kitchenware Retail Pvt Ltd - Borra,kitchenwareretailpvt320@gmail.com,8738757177,Pune,Maharashtra,India,3.0,Active,2020-04-16,
S00389,Chand Home & Lifestyle Enterprises,chandhomelifestyleen710@gmail.com,9325431074,Chennai,Tamil Nadu,India,2.4,Active,2025-05-25,
S00139,Deo Store,deostore986@gmail.com,6739363854,Delhi,Delhi,India,3.2,Active,2023-01-11,
S00814,Palan Toys & Baby Care Collection,palantoysbabycarecol963@gmail.com,9603920514,Bengaluru,Karnataka,India,4.5,Active,2024-02-14,
S00771,Pillai Emporium,pillaiemporium317@gmail.com,7324913577,Mumbai,Maharashtra,India,3.7,Active,2019-02-19,
S00576,Bhasin Traders,bhasintraders405@gmail.com,9502374167,Mumbai,Maharashtra,India,3.7,Active,2020-06-05,
S00372,Bora Home & Lifestyle Ventures,borahomelifestyleven935@gmail.com,9410119470,Jaipur,Rajasthan,India,4.4,Active,2026-03-07,
S00882,Home & Lifestyle Emporium - Singhal,homelifestyleemporiu403@gmail.com,6470798632,Delhi,Delhi,India,2.2,Active,2020-03-13,
S00909,Beauty House - Mistry,beautyhousemistry476@gmail.com,8489547876,Mumbai,Maharashtra,India,4.1,Active,2025-08-11,
S00476,Chakrika Home & Lifestyle Collection,chakrikahomelifestyl34@gmail.com,7851961159,Pune,Maharashtra,India,2.9,Active,2020-04-27,
S00492,Nitesh Beauty Ventures,niteshbeautyventures175@gmail.com,7999219212,Mumbai,Maharashtra,India,2.8,Active,2021-07-22,
S00359,Bumb Enterprises,bumbenterprises658@gmail.com,9796927868,Ludhiana,Punjab,India,4.2,Active,2021-07-13,
S00186,Pranav Footwear Ventures,pranavfootwearventur792@gmail.com,7832060385,Delhi,Delhi,India,3.9,Active,2019-02-09,
S00762,Caleb Electronics Ventures,calebelectronicsvent969@gmail.com,6593297150,Hyderabad,Telangana,India,4.1,Inactive,2026-05-03,
S00467,Toys & Baby Care Emporium - Shroff,toysbabycareemporium518@gmail.com,7145653286,Delhi,Delhi,India,4.2,Active,2023-10-23,
S00925,Devi Electronics Ventures,devielectronicsventu587@gmail.com,7487623039,Mumbai,Maharashtra,India,4.0,Active,2020-02-20,
S00842,Dass Grocery Mart,dassgrocerymart231@gmail.com,7357071398,Bengaluru,Karnataka,India,2.9,Active,2025-02-19,
S00865,Fashion Co. - Das,fashioncodas420@gmail.com,9756777226,Kolkata,West Bengal,India,3.3,Active,2020-07-25,
S00483,Devan Exports,devanexports61@gmail.com,8200461526,Delhi,Delhi,India,4.4,Active,2020-05-10,
S00170,Praneel Furniture Enterprises,praneelfurnitureente528@gmail.com,8577590175,Chennai,Tamil Nadu,India,4.3,Active,2023-06-18,
S00876,Bajaj Sports & Fitness Hub,bajajsportsfitnesshu644@gmail.com,9562590459,Chandigarh,Chandigarh,India,4.1,Active,2024-09-26,
S00025,Home & Lifestyle House - Mann,homelifestylehousema286@gmail.com,6458685014,Mumbai,Maharashtra,India,2.5,Inactive,2021-12-23,
S00354,Mobiles & Accessories Collection - Seshadri,mobilesaccessoriesco569@gmail.com,6724619196,Mumbai,Maharashtra,India,3.0,Active,2019-09-09,
S00475,Jagrati Sports & Fitness Mart,jagratisportsfitness652@gmail.com,9776228277,Hyderabad,Telangana,India,2.3,Active,2024-12-07,
S00567,Mobiles & Accessories Mart - Rastogi,mobilesaccessoriesma623@gmail.com,6025625889,Bengaluru,Karnataka,India,4.4,Active,2025-08-23,
S00667,Balveer Furniture Ventures,balveerfurniturevent44@gmail.com,8277402588,Ahmedabad,Gujarat,India,2.6,Inactive,2024-11-20,
S00164,Ishita Sports & Fitness Retail Pvt Ltd,ishitasportsfitnessr651@gmail.com,7827422579,Kolkata,West Bengal,India,1.8,Active,2019-02-09,
S00843,Walla Fashion Enterprises,wallafashionenterpri420@gmail.com,6925502130,Ludhiana,Punjab,India,3.2,Active,2023-05-07,
S00269,Nazareth Ventures,nazarethventures814@gmail.com,7984257991,Pune,Maharashtra,India,2.7,Active,2020-03-20,
S00727,Balvan Fashion Retail Pvt Ltd,balvanfashionretailp436@gmail.com,9548138666,Mumbai,Maharashtra,India,4.0,Active,2024-11-08,
S00251,Sood Mart,soodmart974@gmail.com,9801573993,Bengaluru,Karnataka,India,4.6,Active,2022-08-07,
S00657,Fashion Traders - Pillay,fashiontraderspillay142@gmail.com,8488214236,Bengaluru,Karnataka,India,3.7,Active,2021-06-15,
S00093,Gupta Grocery House,guptagroceryhouse970@gmail.com,7750606853,Kochi,Kerala,India,3.2,Active,2021-07-08,
S00009,Issac Exports,issacexports157@gmail.com,8288095701,Indore,Madhya Pradesh,India,4.5,Inactive,2022-06-13,
S00387,Mall Ventures,mallventures592@gmail.com,7168739774,Kolkata,West Bengal,India,1.4,Active,2021-10-07,
S00061,Tripathi Mart,tripathimart76@gmail.com,9594647436,Mumbai,Maharashtra,India,4.3,Active,2023-04-12,
S00095,Pallavi Books & Stationery Co.,pallavibooksstatione114@gmail.com,8341036971,Chandigarh,Chandigarh,India,2.2,Inactive,2025-09-10,
S00313,Fashion Collection - Varughese,fashioncollectionvar160@gmail.com,7459334419,Pune,Maharashtra,India,3.3,Inactive,2019-11-13,
S00827,Rout Emporium,routemporium725@gmail.com,9471246335,Pune,Maharashtra,India,4.8,Active,2022-10-23,
S00147,Fashion Retail Pvt Ltd - Dugal,fashionretailpvtltdd17@gmail.com,7926142939,Hyderabad,Telangana,India,4.3,Active,2025-01-23,
S00205,Mitra Sports & Fitness Retail Pvt Ltd,mitrasportsfitnessre104@gmail.com,8336884443,Pune,Maharashtra,India,2.1,Active,2025-03-01,
S00130,Lal Enterprises,lalenterprises735@gmail.com,9187072867,Indore,Madhya Pradesh,India,3.7,Active,2022-06-16,
S00065,Zacharia Books & Stationery Emporium,zachariabooksstation810@gmail.com,9048175496,Ludhiana,Punjab,India,4.2,Inactive,2020-03-19,
S00195,Ronith Books & Stationery Traders,ronithbooksstationer801@gmail.com,8787598564,Delhi,Delhi,India,2.5,Active,2021-06-16,
S00902,Venkataraman Grocery Retail Pvt Ltd,venkataramangroceryr449@gmail.com,9560858167,Mumbai,Maharashtra,India,1.7,Active,2023-09-26,
S00893,Dani Books & Stationery Enterprises,danibooksstationerye261@gmail.com,7357155868,Hyderabad,Telangana,India,3.9,Active,2025-06-21,
S00557,Dominic Grocery Exports,dominicgroceryexport251@gmail.com,6136749261,Kolkata,West Bengal,India,4.2,Inactive,2026-04-17,
S00787,Anvi Footwear Hub,anvifootwearhub290@gmail.com,8119181828,Indore,Madhya Pradesh,India,4.3,Active,2024-04-02,
S00224,Toys & Baby Care Retail Pvt Ltd - Ahluwalia,toysbabycareretailpv884@gmail.com,7175250074,Kochi,Kerala,India,2.6,Active,2025-06-18,
S00539,Aurora Furniture Retail Pvt Ltd,aurorafurnitureretai120@gmail.com,6669183626,Kolkata,West Bengal,India,2.8,Active,2024-12-23,
S00072,Biswas Emporium,biswasemporium68@gmail.com,7499856984,Mumbai,Maharashtra,India,3.4,Active,2020-02-11,
S00215,Keer Books & Stationery Retail Pvt Ltd,keerbooksstationeryr319@gmail.com,9289023303,Chandigarh,Chandigarh,India,1.7,Active,2023-01-16,
S00705,Electronics Co. - Sastry,electronicscosastry914@gmail.com,6618538003,Ahmedabad,Gujarat,India,2.3,Active,2021-06-20,
S00954,Home & Lifestyle Hub - Chaudhry,homelifestylehubchau799@gmail.com,6368528306,Patna,Bihar,India,2.0,Active,2024-05-19,
S00721,Thakkar Collection,thakkarcollection642@gmail.com,9286604164,Mumbai,Maharashtra,India,4.0,Inactive,2022-01-15,
S00528,Home & Lifestyle Enterprises - Bail,homelifestyleenterpr666@gmail.com,8013649718,Delhi,Delhi,India,4.2,Inactive,2025-05-20,
S00376,Sports & Fitness Enterprises - Modi,sportsfitnessenterpr512@gmail.com,9005050613,Delhi,Delhi,India,4.2,Active,2024-02-21,
S00744,Pandit Co.,panditco935@gmail.com,9673162526,Hyderabad,Telangana,India,4.1,Inactive,2023-10-06,
S00693,Zacharia Exports,zachariaexports391@gmail.com,6139898681,Chandigarh,Chandigarh,India,4.3,Active,2019-07-30,
S00770,Mobiles & Accessories Retail Pvt Ltd - Mahajan,mobilesaccessoriesre660@gmail.com,7985856728,Bengaluru,Karnataka,India,3.5,Active,2023-04-05,
S00424,Loke Electronics Co.,lokeelectronicsco890@gmail.com,8152085076,Bengaluru,Karnataka,India,3.7,Inactive,2021-12-28,
S00300,Veda Kitchenware Store,vedakitchenwarestore790@gmail.com,9303718376,Ludhiana,Punjab,India,4.0,Active,2022-08-16,
S00452,Toys & Baby Care House - Chaudhry,toysbabycarehousecha926@gmail.com,7515837767,Pune,Maharashtra,India,2.9,Active,2020-01-05,
S00460,Onkar Sports & Fitness House,onkarsportsfitnessho755@gmail.com,8076789973,Indore,Madhya Pradesh,India,4.0,Active,2023-09-25,
S00434,Lakshmi Mobiles & Accessories Traders,lakshmimobilesaccess547@gmail.com,8158673425,Delhi,Delhi,India,3.5,Active,2022-06-16,
S00861,Rastogi Collection,rastogicollection520@gmail.com,6123428931,Indore,Madhya Pradesh,India,4.0,Active,2021-02-05,
S00512,Footwear Store - Chatterjee,footwearstorechatter257@gmail.com,8439284044,Hyderabad,Telangana,India,4.2,Active,2023-07-13,
S00148,Manda Kitchenware Retail Pvt Ltd,mandakitchenwarereta513@gmail.com,8016315999,Bengaluru,Karnataka,India,3.3,Active,2019-05-02,
S00503,Home & Lifestyle Collection - Prabhu,homelifestylecollect827@gmail.com,9362050150,Kolkata,West Bengal,India,3.7,Active,2023-12-09,
S00785,Panchal Beauty Co.,panchalbeautyco144@gmail.com,6557325737,Hyderabad,Telangana,India,3.2,Active,2021-11-26,
S00685,Fashion Ventures - Pathak,fashionventurespatha945@gmail.com,8930596601,Jaipur,Rajasthan,India,3.7,Inactive,2022-03-23,
S00840,Brar Toys & Baby Care Collection,brartoysbabycarecoll115@gmail.com,7062113695,Patna,Bihar,India,3.4,Active,2025-09-11,
S00760,Bhatnagar Footwear Exports,bhatnagarfootwearexp681@gmail.com,8888636774,Delhi,Delhi,India,4.3,Active,2020-12-28,
S00632,Grocery Store - Sarkar,grocerystoresarkar118@gmail.com,7052312447,Hyderabad,Telangana,India,2.6,Active,2025-03-08,
S00875,Morar Mart,morarmart724@gmail.com,9429250105,Nagpur,Maharashtra,India,3.7,Active,2022-07-15,
S00533,Narasimhan Home & Lifestyle Retail Pvt Ltd,narasimhanhomelifest178@gmail.com,7381674233,Patna,Bihar,India,3.3,Active,2022-05-26,
S00292,Prabhakar Fashion House,prabhakarfashionhous107@gmail.com,8921643347,Hyderabad,Telangana,India,3.8,Active,2020-11-29,
S00311,Books & Stationery Emporium - Oak,booksstationeryempor423@gmail.com,9593983684,Kochi,Kerala,India,3.1,Active,2023-06-15,
S00766,Zehaan Kitchenware Hub,zehaankitchenwarehub439@gmail.com,6124912565,Bengaluru,Karnataka,India,2.3,Active,2024-05-30,
S00103,Furniture Collection - Goswami,furniturecollectiong381@gmail.com,9192856543,Kolkata,West Bengal,India,4.6,Active,2021-02-01,
S00919,Home & Lifestyle Exports - Halder,homelifestyleexports446@gmail.com,9733116772,Mumbai,Maharashtra,India,4.1,Active,2025-11-24,
S00569,Books & Stationery Mart - Sane,booksstationerymarts976@gmail.com,9834146511,Lucknow,Uttar Pradesh,India,2.0,Active,2020-01-19,
S00436,Tandon Beauty Mart,tandonbeautymart959@gmail.com,7432756041,Coimbatore,Tamil Nadu,India,4.2,Inactive,2024-04-13,
S00666,Yamini Beauty House,yaminibeautyhouse715@gmail.com,6766204719,Bengaluru,Karnataka,India,3.2,Active,2019-05-20,
S00649,Dora Mart,doramart904@gmail.com,9661347323,Mumbai,Maharashtra,India,3.1,Active,2025-09-08,
S00209,Shroff Ventures,shroffventures488@gmail.com,8160898992,Ahmedabad,Gujarat,India,2.2,Active,2020-12-09,
S00968,Bhavani Beauty Exports,bhavanibeautyexports2@gmail.com,6693429291,Surat,Gujarat,India,4.7,Active,2019-06-14,
S00035,Ekta Furniture Exports,ektafurnitureexports742@gmail.com,7729806990,Bengaluru,Karnataka,India,2.0,Active,2024-03-06,
S00816,Owen Footwear Retail Pvt Ltd,owenfootwearretailpv878@gmail.com,6559835411,Jaipur,Rajasthan,India,3.9,Active,2024-07-29,
S00885,Desai Electronics Traders,desaielectronicstrad635@gmail.com,6040476921,Mumbai,Maharashtra,India,1.8,Active,2021-02-20,
S00332,Vohra Hub,vohrahub403@gmail.com,9570279371,Nagpur,Maharashtra,India,2.8,Active,2020-11-02,
S00006,Girik Footwear Store,girikfootwearstore406@gmail.com,9242388496,Kochi,Kerala,India,4.4,Active,2021-06-17,
S00214,Home & Lifestyle Retail Pvt Ltd - Nayak,homelifestyleretailp998@gmail.com,9546913736,Ludhiana,Punjab,India,4.1,Active,2023-03-12,
S00071,Chada Books & Stationery Ventures,chadabooksstationery463@gmail.com,7908470076,Jaipur,Rajasthan,India,3.3,Active,2023-12-22,
S00707,Fashion House - Thakkar,fashionhousethakkar629@gmail.com,9935782434,Surat,Gujarat,India,3.9,Active,2026-01-24,
S00797,Furniture Emporium - Sengupta,furnitureemporiumsen637@gmail.com,8005070260,Delhi,Delhi,India,3.6,Active,2024-11-21,
S00119,Bhardwaj Toys & Baby Care Co.,bhardwajtoysbabycare723@gmail.com,7838578652,Jaipur,Rajasthan,India,3.4,Active,2025-02-15,
S00970,Desai Retail Pvt Ltd,desairetailpvtltd742@gmail.com,6556684732,Bengaluru,Karnataka,India,2.6,Active,2026-06-20,
S00749,Upma Grocery House,upmagroceryhouse892@gmail.com,6205943897,Mumbai,Maharashtra,India,3.4,Active,2019-06-13,
S00243,Leela Books & Stationery House,leelabooksstationery624@gmail.com,7465472269,Kochi,Kerala,India,4.0,Active,2022-05-09,
S00075,Wable Furniture House,wablefurniturehouse992@gmail.com,8945198327,Bengaluru,Karnataka,India,2.7,Active,2025-03-28,
S00238,Toys & Baby Care Collection - Sarraf,toysbabycarecollecti122@gmail.com,9016608801,Mumbai,Maharashtra,India,4.2,Inactive,2026-02-24,
S00663,Thaker Exports,thakerexports309@gmail.com,8079311029,Delhi,Delhi,India,4.4,Active,2021-10-09,
S00601,Footwear Retail Pvt Ltd - Dugal,footwearretailpvtltd472@gmail.com,7863330212,Coimbatore,Tamil Nadu,India,3.2,Active,2023-10-06,
S00236,Verma Furniture Emporium,vermafurnitureempori444@gmail.com,7756289002,Delhi,Delhi,India,3.5,Active,2024-07-23,
S00655,Fashion Ventures - Shenoy,fashionventuressheno855@gmail.com,6679541072,Delhi,Delhi,India,3.4,Active,2022-04-01,
S00382,Bal Hub,balhub197@gmail.com,6819588373,Bengaluru,Karnataka,India,2.9,Active,2020-09-03,
S00799,Toys & Baby Care Collection - Bose,toysbabycarecollecti132@gmail.com,8859177932,Mumbai,Maharashtra,India,2.7,Active,2020-08-07,
S00160,Banik Footwear Exports,banikfootwearexports694@gmail.com,7382825867,Mumbai,Maharashtra,India,2.7,Active,2021-01-25,
S00044,Kitchenware Collection - Koshy,kitchenwarecollectio742@gmail.com,8134352408,Pune,Maharashtra,India,2.3,Active,2019-08-12,
S00041,Meghana Toys & Baby Care Store,meghanatoysbabycares584@gmail.com,9507527354,Delhi,Delhi,India,3.1,Inactive,2022-02-05,
S00788,Falan Home & Lifestyle Enterprises,falanhomelifestyleen838@gmail.com,8772512957,Kolkata,West Bengal,India,3.6,Active,2023-11-07,
S00140,Yash Footwear Hub,yashfootwearhub478@gmail.com,6753556093,Delhi,Delhi,India,4.1,Active,2025-03-16,
S00845,Onveer Furniture Collection,onveerfurniturecolle942@gmail.com,7785324264,Patna,Bihar,India,4.4,Active,2019-03-27,
S00341,Furniture Store - Chauhan,furniturestorechauha261@gmail.com,6448850155,Delhi,Delhi,India,3.3,Active,2019-04-30,
S00733,Grocery Ventures - Doctor,groceryventuresdocto529@gmail.com,6660138241,Kochi,Kerala,India,2.5,Active,2025-10-28,
S00085,Fashion Emporium - Bhargava,fashionemporiumbharg79@gmail.com,6998679807,Chennai,Tamil Nadu,India,4.5,Active,2021-02-10,
S00122,Books & Stationery Mart - Thakkar,booksstationerymartt141@gmail.com,6993308330,Delhi,Delhi,India,2.1,Active,2024-04-18,
S00630,Triveni Toys & Baby Care Traders,trivenitoysbabycaret76@gmail.com,9136657224,Bengaluru,Karnataka,India,1.4,Active,2025-05-12,
S00312,Majumdar Fashion Mart,majumdarfashionmart531@gmail.com,7404335048,Mumbai,Maharashtra,India,3.6,Active,2025-05-30,
S00132,Meghana Grocery Exports,meghanagroceryexport384@gmail.com,9766182512,Bengaluru,Karnataka,India,4.8,Active,2020-06-05,
S00515,Prabhakar Emporium,prabhakaremporium430@gmail.com,9684590902,Lucknow,Uttar Pradesh,India,2.4,Inactive,2022-09-14,
S00871,Narang Store,narangstore501@gmail.com,9058162951,Surat,Gujarat,India,3.6,Active,2021-12-25,
S00830,Shukla Toys & Baby Care Traders,shuklatoysbabycaretr958@gmail.com,6441529821,Hyderabad,Telangana,India,3.5,Active,2025-11-16,
S00629,Bail Furniture Ventures,bailfurnitureventure114@gmail.com,9911244211,Kolkata,West Bengal,India,3.5,Active,2021-05-01,
S00834,Bhakta Kitchenware Traders,bhaktakitchenwaretra193@gmail.com,6499825080,Jaipur,Rajasthan,India,1.8,Active,2021-02-10,
S00802,Zaid Footwear Traders,zaidfootweartraders496@gmail.com,8396737948,Pune,Maharashtra,India,3.4,Active,2026-05-08,
S00433,Bassi Electronics Store,bassielectronicsstor792@gmail.com,8596363212,Delhi,Delhi,India,2.7,Active,2023-07-31,
S00603,Grocery Co. - Magar,grocerycomagar482@gmail.com,9570412009,Chennai,Tamil Nadu,India,4.1,Active,2019-02-14,
S00348,Swamy Fashion Ventures,swamyfashionventures212@gmail.com,8854249321,Delhi,Delhi,India,3.0,Inactive,2025-01-23,
S00648,Grocery Ventures - Naidu,groceryventuresnaidu543@gmail.com,9861031310,Pune,Maharashtra,India,4.4,Active,2021-09-04,
S00928,Murthy Co.,murthyco166@gmail.com,6162047876,Pune,Maharashtra,India,3.7,Active,2024-11-20,
S00723,Bumb Kitchenware Collection,bumbkitchenwarecolle326@gmail.com,9227104331,Pune,Maharashtra,India,3.6,Active,2019-09-08,
S00686,Dayamai Books & Stationery Collection,dayamaibooksstatione587@gmail.com,8267320441,Indore,Madhya Pradesh,India,4.9,Active,2022-04-26,
S00718,Ikshita Grocery Store,ikshitagrocerystore608@gmail.com,7126978930,Mumbai,Maharashtra,India,4.1,Active,2022-06-29,
S00523,Pillai Fashion Mart,pillaifashionmart727@gmail.com,7577711837,Bengaluru,Karnataka,India,2.3,Active,22/10/2020,invalid_joined_date
S00874,Home & Lifestyle Retail Pvt Ltd - Sibal,homelifestyleretailp26@gmail.com,6615727682,Delhi,Delhi,India,3.8,Active,2020-03-17,
S00027,Rai Co.,raico373@gmail.com,9159514846,Ahmedabad,Gujarat,India,3.0,Active,2025-03-20,duplicate_seller_record
S00142,Toys & Baby Care Retail Pvt Ltd - Dugar,toysbabycareretailpv174@gmail.com,7872808010,Jaipur,Rajasthan,India,4.1,Active,2026-01-27,
S00897,Yashodhara Fashion Mart,yashodharafashionmar882@gmail.com,9816995706,Bengaluru,Karnataka,India,1.7,Active,2019-12-22,
S00306,Gayathri Electronics Exports,gayathrielectronicse195@gmail.com,9829456511,Bengaluru,Karnataka,India,3.6,Active,2020-06-15,
S00930,Aishani Sports & Fitness House,aishanisportsfitness307@gmail.com,8057303627,Pune,Maharashtra,India,4.3,Active,2020-07-26,
S00453,Ganesan Ventures,ganesanventures445@gmail.com,9108573278,Jaipur,Rajasthan,India,3.8,Active,2022-04-05,
S00552,Books & Stationery Collection - Bhat,booksstationerycolle149@gmail.com,8377294209,Bengaluru,Karnataka,India,3.0,Active,2020-05-20,
S00461,Books & Stationery Enterprises - Gill,booksstationeryenter915@gmail.com,9717957602,Kolkata,West Bengal,India,2.9,Active,2022-11-09,
S00426,Mobiles & Accessories Mart - Suri,mobilesaccessoriesma993@gmail.com,9371834404,Bengaluru,Karnataka,India,4.9,Active,2021-07-14,
S00519,Kamala Beauty House,kamalabeautyhouse163@gmail.com,8938743027,Indore,Madhya Pradesh,India,1.9,Active,2021-10-08,
S00598,Dugar Emporium,dugaremporium400@gmail.com,9711964215,Jaipur,Rajasthan,India,4.9,Active,2023-04-27,
S00838,Hiral Fashion Exports,hiralfashionexports43@gmail.com,9231112712,Delhi,Delhi,India,3.6,Active,2021-11-16,
S00060,Tella Retail Pvt Ltd,tellaretailpvtltd180@gmail.com,6969379237,Bengaluru,Karnataka,India,3.9,Active,2026-06-24,
S00427,Sekhon Electronics Co.,sekhonelectronicsco607@gmail.com,8419876351,Kolkata,West Bengal,India,3.9,Active,2022-05-13,
S00439,Harish Mobiles & Accessories Exports,harishmobilesaccesso812@gmail.com,8772429543,Jaipur,Rajasthan,India,2.0,Active,2023-05-31,
S00571,Kitchenware Hub - Dua,kitchenwarehubdua251@gmail.com,6972832152,Surat,Gujarat,India,3.6,Inactive,2023-09-28,
S00339,Toys & Baby Care Co. - Bhagat,toysbabycarecobhagat438@gmail.com,8489952997,Patna,Bihar,India,3.6,Active,2024-07-10,
S00141,Bhavani Mobiles & Accessories Co.,bhavanimobilesaccess303@gmail.com,7353693785,Nagpur,Maharashtra,India,2.8,Active,2026-03-13,
S00167,Mohammed Beauty Traders,mohammedbeautytrader270@gmail.com,8171339596,Jaipur,Rajasthan,India,2.5,Active,2021-04-26,
S00412,Kar Store,karstore190@gmail.com,8012495528,Lucknow,Uttar Pradesh,India,4.2,Active,2024-08-30,
S00357,Chaudhary Books & Stationery Emporium,chaudharybooksstatio882@gmail.com,8036965666,Mumbai,Maharashtra,India,3.4,Active,2020-12-11,
S00572,Bhavsar Grocery Emporium,bhavsargroceryempori347@gmail.com,7814474430,Hyderabad,Telangana,India,4.1,Active,2021-06-09,
S00540,Sports & Fitness Ventures - Khanna,sportsfitnessventure752@gmail.com,9119524364,Ahmedabad,Gujarat,India,1.3,Active,2024-07-07,
S00527,Chand Store,chandstore957@gmail.com,9613315520,Bengaluru,Karnataka,India,3.3,Active,2023-05-14,
S00241,Nagarajan Store,nagarajanstore124@gmail.com,9373516091,Mumbai,Maharashtra,India,4.1,Active,2026-05-21,
S00976,Kitchenware House - Nazareth,kitchenwarehousenaza713@gmail.com,8936999516,Surat,Gujarat,India,3.5,Active,2021-09-30,
S00945,Mobiles & Accessories Store - Kala,mobilesaccessoriesst33@gmail.com,9527758446,Mumbai,Maharashtra,India,3.3,Inactive,2022-06-20,
S00279,Urvashi Beauty Retail Pvt Ltd,urvashibeautyretailp519@gmail.com,6818451848,Kolkata,West Bengal,India,4.2,Active,2023-12-19,
S00007,Viraj Grocery Hub,virajgroceryhub94@gmail.com,6122691669,Patna,Bihar,India,4.9,Active,2025-03-16,
S00490,Footwear House - Deo,footwearhousedeo397@gmail.com,7017537030,Ahmedabad,Gujarat,India,4.1,Active,2023-01-05,
S00135,Fashion Retail Pvt Ltd - Bora,fashionretailpvtltdb240@gmail.com,8995342836,Jaipur,Rajasthan,India,3.0,Active,2025-08-20,
S00620,Victor Books & Stationery Retail Pvt Ltd,victorbooksstationer222@gmail.com,8339055044,Chennai,Tamil Nadu,India,3.5,Inactive,2024-08-06,
S00062,Mobiles & Accessories Mart - Misra,mobilesaccessoriesma23@gmail.com,9409097439,Hyderabad,Telangana,India,4.2,Active,2021-02-17,
S00575,Kalpit Beauty Emporium,kalpitbeautyemporium914@gmail.com,7841772256,Bengaluru,Karnataka,India,1.3,Inactive,2021-03-23,
S00485,Sastry Mobiles & Accessories Exports,sastrymobilesaccesso253@gmail.com,7496718325,Delhi,Delhi,India,3.6,Active,2021-10-01,
S00918,Kitchenware Ventures - Balay,kitchenwareventuresb829@gmail.com,9113633792,Mumbai,Maharashtra,India,4.4,Inactive,2022-02-18,
S00606,Mahajan Traders,mahajantraders289@gmail.com,7811390438,Bengaluru,Karnataka,India,2.6,Inactive,2021-09-11,
S00952,Chaudhry Collection,chaudhrycollection946@gmail.com,8937440394,Chennai,Tamil Nadu,India,3.2,Active,2021-07-27,
S00125,Ekansh Furniture Hub,ekanshfurniturehub911@gmail.com,7874315274,Chennai,Tamil Nadu,India,4.0,Active,2022-10-12,
S00542,Lanka Retail Pvt Ltd,lankaretailpvtltd61@gmail.com,7346791214,Hyderabad,Telangana,India,2.0,Active,2019-09-21,
S00631,Fashion Enterprises - Pathak,fashionenterprisespa356@gmail.com,9998028413,Kolkata,West Bengal,India,3.8,Active,2024-10-22,
S00393,Narayan Beauty Traders,narayanbeautytraders382@gmail.com,8778817884,Ahmedabad,Gujarat,India,3.4,Active,2019-09-26,
S00937,Palla Collection,pallacollection948@gmail.com,9117595749,Lucknow,Uttar Pradesh,India,3.7,Inactive,2022-09-16,
S00182,Electronics Traders - Mallick,electronicstradersma827@gmail.com,9481491778,Surat,Gujarat,India,3.1,Active,2025-05-10,
S00363,Seshadri Mobiles & Accessories Mart,seshadrimobilesacces645@gmail.com,9929049047,Surat,Gujarat,India,2.0,Active,2022-02-12,
S00037,Balay Electronics Exports,balayelectronicsexpo773@gmail.com,6330923271,Delhi,Delhi,India,3.7,Active,2021-11-15,
S00090,Kala Books & Stationery Co.,kalabooksstationeryc678@gmail.com,8929622292,Hyderabad,Telangana,India,4.0,Active,2023-02-01,
S00291,Priya Footwear Co.,priyafootwearco424@gmail.com,7202341326,Jaipur,Rajasthan,India,2.1,Active,2024-04-22,
S00112,Nitesh Sports & Fitness Ventures,niteshsportsfitnessv255@gmail.com,7595327877,Mumbai,Maharashtra,India,4.4,Active,2020-01-04,
S00960,Furniture Emporium - Chakraborty,furnitureemporiumcha426@gmail.com,6571219881,Mumbai,Maharashtra,India,3.8,Active,2025-03-17,
S00714,Anjali Kitchenware Enterprises,anjalikitchenwareent672@gmail.com,9241118600,Mumbai,Maharashtra,India,4.1,Active,2020-09-13,
S00803,Comar Emporium,comaremporium262@gmail.com,8787158415,Jaipur,Rajasthan,India,3.3,Active,2025-02-03,duplicate_seller_record
S00273,,homelifestylecozacha419@gmail.com,8126944869,Bengaluru,Karnataka,India,3.2,Active,2023-06-16,missing_seller_name
S00636,Furniture Emporium - Nori,furnitureemporiumnor149@gmail.com,8105053795,Mumbai,Maharashtra,India,4.4,Active,2023-04-29,
S00837,Mobiles & Accessories Store - Edwin,mobilesaccessoriesst904@gmail.com,9943460666,Pune,Maharashtra,India,2.9,Inactive,2024-06-22,
S00047,Yashodhara Toys & Baby Care Mart,yashodharatoysbabyca313@gmail.com,6913341232,Bengaluru,Karnataka,India,3.7,Active,2023-08-01,
S00325,Madan Retail Pvt Ltd,madanretailpvtltd669@gmail.com,7983248262,Bengaluru,Karnataka,India,3.9,Active,2020-10-09,
S00459,Nisha Kitchenware Co.,nishakitchenwareco987@gmail.com,9707933496,Kochi,Kerala,India,1.8,Active,2026-01-26,
S00437,Yadavi Footwear Co.,yadavifootwearco898@gmail.com,6248156985,Jaipur,Rajasthan,India,3.4,Active,2019-08-02,
S00955,Grocery Co. - Ahluwalia,grocerycoahluwalia174@gmail.com,8462632514,Mumbai,Maharashtra,India,3.0,Active,2025-02-25,
S00100,Kothari Emporium,kothariemporium509@gmail.com,9584161692,Jaipur,Rajasthan,India,3.6,Active,2019-11-24,
S00538,Karan Furniture House,karanfurniturehouse754@gmail.com,7370502497,Ahmedabad,Gujarat,India,4.6,Active,2021-10-10,
S00941,Brijesh Home & Lifestyle Collection,brijeshhomelifestyle951@gmail.com,9936634392,Pune,Maharashtra,India,3.1,Active,2025-08-27,
S00488,Footwear Exports - Narain,footwearexportsnarai651@gmail.com,8743553795,Kolkata,West Bengal,India,1.5,Active,2026-04-01,
S00430,Sports & Fitness Mart - Nagy,sportsfitnessmartnag662@gmail.com,7493631230,Kolkata,West Bengal,India,2.8,Active,2024-03-16,
S00220,Kitchenware Exports - Shah,kitchenwareexportssh193@gmail.com,7830965207,Delhi,Delhi,India,4.9,Active,2023-09-11,
S00940,Pai Enterprises,paienterprises167@gmail.com,9150666267,Hyderabad,Telangana,India,4.7,Active,2023-02-26,
S00846,Nazareth Beauty Retail Pvt Ltd,nazarethbeautyretail471@gmail.com,9836253666,Chennai,Tamil Nadu,India,3.4,Active,2023-05-11,
S00178,Udant Footwear Retail Pvt Ltd,udantfootwearretailp882@gmail.com,9582710910,Patna,Bihar,India,2.8,Active,2019-09-05,
S00747,Bir Retail Pvt Ltd,birretailpvtltd408@gmail.com,6715160252,Mumbai,Maharashtra,India,3.7,Active,2024-02-06,
S00222,Books & Stationery Retail Pvt Ltd - Talwar,booksstationeryretai671@gmail.com,6353465549,Surat,Gujarat,India,2.9,Inactive,2024-04-11,
S00110,Books & Stationery Mart - Sunder,booksstationerymarts495@gmail.com,7647102767,Kochi,Kerala,India,3.4,Active,2020-08-11,
S00208,Sani Beauty Ventures,sanibeautyventures155@gmail.com,6158693806,Delhi,Delhi,India,4.2,Active,2025-01-02,
S00988,Books & Stationery Enterprises - Apte,booksstationeryenter472@gmail.com,7450000001,Surat,Gujarat,India,3.0,Active,2026-02-22,
S00335,Praneel Beauty Traders,praneelbeautytraders510@gmail.com,9809733977,Kolkata,West Bengal,India,3.3,Active,2025-09-24,
S00111,Kitchenware Emporium - Kala,kitchenwareemporiumk999@gmail.com,9258815371,Bengaluru,Karnataka,India,2.9,Active,2020-02-01,
S00465,Kumar Grocery Co.,kumargroceryco724@gmail.com,6771199180,Delhi,Delhi,India,3.5,Active,2020-04-28,
S00301,Shroff Kitchenware Traders,shroffkitchenwaretra260@gmail.com,9435031365,Pune,Maharashtra,India,1.4,Active,2025-07-22,
S00334,Minhas Retail Pvt Ltd,minhasretailpvtltd890@gmail.com,7206447421,Hyderabad,Telangana,India,4.4,Inactive,2019-01-15,
S00091,Home & Lifestyle Collection - Solanki,homelifestylecollect771@gmail.com,9383473597,Ahmedabad,Gujarat,India,3.4,Active,2023-04-14,
S00315,Ray Home & Lifestyle Co.,rayhomelifestyleco650@gmail.com,9048058925,Indore,Madhya Pradesh,India,3.5,Active,2019-07-26,
S00914,Vedant Sports & Fitness Hub,vedantsportsfitnessh4@gmail.com,6347789489,Pune,Maharashtra,India,3.3,Active,2023-10-18,
S00216,Rushil Beauty Emporium,rushilbeautyemporium518@gmail.com,9103579727,Surat,Gujarat,India,3.7,Active,2020-10-31,
S00373,Damyanti Fashion Exports,damyantifashionexpor273@gmail.com,7569087766,Mumbai,Maharashtra,India,4.3,Active,2019-10-15,
S00089,Furniture House - Mallick,furniturehousemallic19@gmail.com,8423573322,Mumbai,Maharashtra,India,2.0,Active,2020-02-19,
S00039,Bhatti Kitchenware Mart,bhattikitchenwaremar816@gmail.com,6586518506,Delhi,Delhi,India,4.2,Active,2023-01-23,
S00896,Mobiles & Accessories Mart - Pau,mobilesaccessoriesma398@gmail.com,8346997990,Mumbai,Maharashtra,India,3.9,Inactive,2024-08-09,
S00242,Matthew Books & Stationery Retail Pvt Ltd,matthewbooksstatione5@gmail.com,6869782922,Kolkata,West Bengal,India,2.2,Active,2025-10-18,
S00596,Puri Electronics Store,purielectronicsstore980@gmail.com,8519515109,Chennai,Tamil Nadu,India,2.4,Active,2022-10-03,
S00342,Home & Lifestyle Emporium - Mane,homelifestyleemporiu945@gmail.com,9702727857,Chandigarh,Chandigarh,India,4.2,Active,2019-08-18,
S00722,Keer Emporium,keeremporium145@gmail.com,8839589477,Hyderabad,Telangana,India,2.6,Active,2020-07-08,
S00535,Kalpit Toys & Baby Care Traders,kalpittoysbabycaretr438@gmail.com,6498282467,Chandigarh,Chandigarh,India,3.0,Active,2025-04-21,
S00204,Raghavan Beauty Enterprises,raghavanbeautyenterp351@gmail.com,7621815997,Mumbai,Maharashtra,India,4.0,Active,2026-05-01,
S00049,Batta Grocery Enterprises,battagroceryenterpri170@gmail.com,8994717464,Coimbatore,Tamil Nadu,India,3.5,Active,2019-11-26,
S00883,Home & Lifestyle Store - Yadav,homelifestylestoreya853@gmail.com,7945703943,Jaipur,Rajasthan,India,3.6,Active,2021-06-05,
S00496,Borra Beauty Store,borrabeautystore485@gmail.com,7505831997,Nagpur,Maharashtra,India,4.1,Active,2025-06-29,
S00614,Siddharth Home & Lifestyle House,siddharthhomelifesty686@gmail.com,6577871121,Indore,Madhya Pradesh,India,4.5,Inactive,2023-11-10,
S00493,Kurian Mart,kurianmart869@gmail.com,6894870605,Kochi,Kerala,India,3.4,Inactive,2022-01-27,
S00116,Sampath Collection,sampathcollection621@gmail.com,7595269495,Lucknow,Uttar Pradesh,India,3.5,Active,2024-06-29,
S00077,Mohini Grocery Retail Pvt Ltd,mohinigroceryretailp72@gmail.com,7018366752,Bengaluru,Karnataka,India,3.2,Active,2025-05-13,
S00973,Narayanan Mart,narayananmart492@gmail.com,7720376388,Indore,Madhya Pradesh,India,3.9,Active,2022-01-01,
S00525,Ranveer Books & Stationery Store,ranveerbooksstatione714@gmail.com,6816470900,Kochi,Kerala,India,4.1,Active,2021-10-19,
S00692,Footwear Traders - Chaudhuri,footweartraderschaud953@gmail.com,7901935889,Mumbai,Maharashtra,India,4.0,Inactive,2023-04-01,
S00123,Bhandari Traders,bhandaritraders417@gmail.com,9734540193,Mumbai,Maharashtra,India,3.6,Active,2019-06-02,
S00987,Electronics Mart - Narayan,electronicsmartnaray341@gmail.com,7206732318,Hyderabad,Telangana,India,2.4,Active,2023-09-26,
S00644,Hora Exports,horaexports480@gmail.com,9371539885,Mumbai,Maharashtra,India,4.1,Active,2024-02-03,
S00314,Wyatt Toys & Baby Care Retail Pvt Ltd,wyatttoysbabycareret846@gmail.com,6940961055,Surat,Gujarat,India,4.4,Active,2020-05-08,
S00199,Mital Footwear Traders,mitalfootweartraders152@gmail.com,7185156915,Coimbatore,Tamil Nadu,India,3.0,Active,2020-10-07,
S00008,Tiwari Fashion Exports,tiwarifashionexports699@gmail.com,8514627048,Indore,Madhya Pradesh,India,4.1,Active,2020-03-11,
S00230,Mobiles & Accessories Enterprises - Shetty,mobilesaccessoriesen117@gmail.com,6739348356,Hyderabad,Telangana,India,2.9,Active,2024-07-26,
S00268,Sha Traders,shatraders265@gmail.com,7869904137,Kochi,Kerala,India,3.8,Active,2024-05-26,
S00295,Grocery Emporium - Suri,groceryemporiumsuri481@gmail.com,6774064930,Lucknow,Uttar Pradesh,India,3.6,Active,2025-04-15,
S00879,Kale Fashion Exports,kalefashionexports54@gmail.com,7700332285,Delhi,Delhi,India,3.0,Active,2023-06-10,
S00792,Bakhshi Sports & Fitness Traders,bakhshisportsfitness889@gmail.com,7607763369,Pune,Maharashtra,India,4.2,Active,2020-12-18,
S00500,Jatin Beauty Ventures,jatinbeautyventures526@gmail.com,8498227495,Mumbai,Maharashtra,India,2.9,Inactive,2024-10-21,
S00775,Jhalak Toys & Baby Care Enterprises,jhalaktoysbabycareen203@gmail.com,6893974909,Chennai,Tamil Nadu,India,3.3,Inactive,2023-12-19,
S00329,Toys & Baby Care Co. - Wason,toysbabycarecowason888@gmail.com,9366096569,Indore,Madhya Pradesh,India,4.6,Active,2025-01-05,
S00625,Footwear Hub - Brahmbhatt,footwearhubbrahmbhat344@gmail.com,7963863960,Mumbai,Maharashtra,India,4.2,Active,2020-06-11,
S00017,Chatterjee Enterprises,chatterjeeenterprise71@gmail.com,6361939909,Mumbai,Maharashtra,India,2.0,Active,2025-05-04,
S00333,Chaudhry Electronics Enterprises,chaudhryelectronicse724@gmail.com,9518689268,Surat,Gujarat,India,3.2,Active,2022-10-04,
S00573,Chada Furniture Hub,chadafurniturehub958@gmail.com,9970509754,Coimbatore,Tamil Nadu,India,3.1,Active,2021-02-01,
S00396,Gaurang Footwear Collection,gaurangfootwearcolle469@gmail.com,8924243754,Ahmedabad,Gujarat,India,4.1,Active,2022-12-17,
S00270,Oviya Books & Stationery Hub,oviyabooksstationery847@gmail.com,7912799088,Mumbai,Maharashtra,India,4.1,Active,2026-05-24,
S00532,Kalita Traders,kalitatraders821@gmail.com,7968527017,Delhi,Delhi,India,1.9,Active,2026-02-11,
S00502,Mobiles & Accessories Ventures - Lala,mobilesaccessoriesve631@gmail.com,8652170730,Ahmedabad,Gujarat,India,3.9,Active,2024-03-25,
S00662,Mobiles & Accessories Enterprises - Nagy,mobilesaccessoriesen580@gmail.com,9501980382,Mumbai,Maharashtra,India,3.7,Inactive,2020-07-12,
S00027,Rai Co.,raico373@gmail.com,9159514846,Ahmedabad,Gujarat,India,3.0,Active,2025-03-20,
S00375,Dash Grocery Hub,dashgroceryhub991@gmail.com,9346157173,Ahmedabad,Gujarat,India,2.3,Active,2025-08-25,
S00977,Parth Footwear Emporium,parthfootwearemporiu778@gmail.com,7857368011,Bengaluru,Karnataka,India,3.7,Active,2023-08-10,
S00894,Chatterjee Sports & Fitness Co.,chatterjeesportsfitn232@gmail.com,9230817214,Bengaluru,Karnataka,India,2.8,Active,2021-05-07,
S00728,Mangat Ventures,mangatventures979@gmail.com,7426877418,Bengaluru,Karnataka,India,4.4,Active,2020-12-30,
S00574,Gopal Fashion Enterprises,gopalfashionenterpri504@gmail.com,7188261702,Bengaluru,Karnataka,India,4.1,Active,2024-04-11,
S00109,Ganesan Ventures,ganesanventures176@gmail.com,8900109439,Hyderabad,Telangana,India,3.3,Active,2024-08-01,
S00517,Chaudhary Exports,chaudharyexports33@gmail.com,9023164334,Mumbai,Maharashtra,India,3.9,Active,2019-08-24,
S00229,Kiaan Books & Stationery Mart,kiaanbooksstationery719@gmail.com,7304618499,Bengaluru,Karnataka,India,4.0,Active,2020-03-05,
S00105,Furniture Emporium - Borra,furnitureemporiumbor727@gmail.com,6884422583,Patna,Bihar,India,2.2,Active,2020-07-22,
S00379,Sarma Ventures,sarmaventures330@gmail.com,7092511426,Bengaluru,Karnataka,India,2.5,Active,2020-11-06,
S00985,Rajagopal Home & Lifestyle Co.,rajagopalhomelifesty201@gmail.com,9468719120,Delhi,Delhi,India,2.7,Active,2020-04-08,
S00801,Rao Mart,raomart336@gmail.com,9529060320,Hyderabad,Telangana,India,2.4,Active,2021-09-01,
S00623,Basak Toys & Baby Care Hub,basaktoysbabycarehub684@gmail.com,8633786137,Mumbai,Maharashtra,India,4.6,Active,2024-03-15,
S00543,Oviya Mobiles & Accessories Store,oviyamobilesaccessor497@gmail.com,6004090138,Bengaluru,Karnataka,India,4.2,Active,2024-10-31,
S00870,Kothari Co.,kotharico932@gmail.com,8748595325,Delhi,Delhi,India,4.2,Active,2021-07-26,
S00891,Raju Mart,rajumart834@gmail.com,,Chennai,Tamil Nadu,India,4.5,Active,2024-01-21,null_phone
S00712,Varty Books & Stationery Enterprises,vartybooksstationery532@gmail.com,7583286342,Jaipur,Rajasthan,India,4.5,Active,2021-06-02,
S00227,Beauty Collection - Shetty,beautycollectionshet445@gmail.com,7575326033,Delhi,Delhi,India,4.1,Active,2019-03-31,
S00604,Vedika Sports & Fitness Exports,vedikasportsfitnesse568@gmail.com,8984362418,Bengaluru,Karnataka,India,3.2,Inactive,2021-05-17,
S00414,Electronics Retail Pvt Ltd - Dube,electronicsretailpvt389@gmail.com,9383615171,Ahmedabad,Gujarat,India,3.6,Active,2023-01-19,
S00176,Triveni Electronics Ventures,trivenielectronicsve360@gmail.com,9523413899,Pune,Maharashtra,India,4.0,Active,2019-04-20,
S00898,Ratti Books & Stationery Enterprises,rattibooksstationery252@gmail.com,6765397054,Chennai,Tamil Nadu,India,3.7,Active,2024-01-23,
S00931,Sule House,sulehouse146@gmail.com,6374767753,Ahmedabad,Gujarat,India,3.4,Active,2019-07-30,
S00399,Grocery Traders - Raval,grocerytradersraval663@gmail.com,8749297517,Coimbatore,Tamil Nadu,India,4.4,Active,2025-03-06,
S00352,Dani Ventures,daniventures521@gmail.com,6615814876,Jaipur,Rajasthan,India,3.7,Active,2021-09-25,
S00183,Upadhyay Grocery Mart,upadhyaygrocerymart916@gmail.com,6380003075,Pune,Maharashtra,India,3.2,Active,2019-05-25,
S00495,Upadhriti Kitchenware Store,upadhritikitchenware981@gmail.com,6332541107,Lucknow,Uttar Pradesh,India,3.4,Active,2026-01-09,
S00740,Wason Mart,wasonmart479@gmail.com,7079799667,Pune,Maharashtra,India,4.3,Active,2023-03-09,
S00346,Sridhar Footwear Retail Pvt Ltd,sridharfootwearretai842@gmail.com,7307681040,Bengaluru,Karnataka,India,4.0,Active,2019-12-23,
S00780,Beauty Collection - Nagi,beautycollectionnagi380@gmail.com,7455574696,Delhi,Delhi,India,4.1,Active,2023-07-14,
S00900,Barad Fashion Mart,baradfashionmart715@gmail.com,9274204956,Ahmedabad,Gujarat,India,2.2,Active,2019-11-11,
S00192,Gupta Retail Pvt Ltd,guptaretailpvtltd844@gmail.com,9519941013,Mumbai,Maharashtra,India,4.4,Active,2020-06-11,
S00336,Mittal Mart,mittalmart51@gmail.com,7205020994,Mumbai,Maharashtra,India,3.1,Active,2020-03-22,
S00697,Gandhi Traders,gandhitraders124@gmail.com,9487120602,Kochi,Kerala,India,4.8,Active,2024-12-08,
S00701,Sen Retail Pvt Ltd,senretailpvtltd43@gmail.com,7684995154,Bengaluru,Karnataka,India,2.5,Active,2024-06-16,
S00082,Nigam Sports & Fitness Hub,nigamsportsfitnesshu406@gmail.com,8535218188,Chennai,Tamil Nadu,India,2.6,Active,2022-12-09,
S00267,Siddharth Toys & Baby Care Exports,siddharthtoysbabycar491@gmail.com,7926030299,Surat,Gujarat,India,2.4,Active,2019-06-10,
S00169,Sports & Fitness Traders - Goel,sportsfitnesstraders888@gmail.com,7232536729,Pune,Maharashtra,India,3.8,Active,2023-03-17,
S00415,Manne Books & Stationery Co.,mannebooksstationery85@gmail.com,8716479473,Surat,Gujarat,India,3.7,Active,2023-10-19,
S00349,Max Grocery Traders,maxgrocerytraders925@gmail.com,6160166299,Chennai,Tamil Nadu,India,3.8,Active,2024-01-01,
S00106,Toys & Baby Care Traders - Chaudhari,toysbabycaretradersc568@gmail.com,8782911467,Delhi,Delhi,India,3.6,Active,2025-06-12,
S00587,Sanghvi Retail Pvt Ltd,sanghviretailpvtltd607@gmail.com,6878844344,Delhi,Delhi,India,3.7,Active,2019-07-06,
S00560,Chaitaly Books & Stationery Hub,chaitalybooksstation66@gmail.com,6312920875,Hyderabad,Telangana,India,2.3,Active,2021-04-24,
S00200,Nilima Sports & Fitness Exports,nilimasportsfitnesse665@gmail.com,8289539264,Surat,Gujarat,India,4.1,Active,2020-12-28,
S00892,Seshadri Furniture Retail Pvt Ltd,seshadrifurnitureret352@gmail.com,7958292361,Jaipur,Rajasthan,India,4.2,Inactive,2024-08-15,
S00228,Grocery Enterprises - Krish,groceryenterpriseskr729@gmail.com,6648909010,Kolkata,West Bengal,India,1.8,Active,2023-12-25,
S00888,Rattan Furniture House,rattanfurniturehouse39@gmail.com,9676209014,Mumbai,Maharashtra,India,4.0,Active,2021-04-10,
S00851,Beauty Enterprises - Mann,beautyenterprisesman639@gmail.com,8977524418,Ludhiana,Punjab,India,2.4,Inactive,2020-10-30,
S00401,Chatura Electronics Hub,chaturaelectronicshu200@gmail.com,9599805626,Ahmedabad,Gujarat,India,3.2,Active,2022-03-11,
S00809,Ryan Grocery Store,ryangrocerystore146@gmail.com,8501848197,Nagpur,Maharashtra,India,2.7,Active,2020-05-26,
S00951,Charles Mobiles & Accessories Store,charlesmobilesaccess789@gmail.com,6798487045,Kolkata,West Bengal,India,1.5,Active,2019-09-15,
S00868,Bina Footwear Co.,binafootwearco623@gmail.com,8238736704,Mumbai,Maharashtra,India,3.8,Active,2022-06-26,
S00590,Harinakshi Mobiles & Accessories Enterprises,harinakshimobilesacc969@gmail.com,8983735439,Ahmedabad,Gujarat,India,3.8,Inactive,2023-06-08,
S00758,Shetty Traders,shettytraders640@gmail.com,7959660487,Chennai,Tamil Nadu,India,4.8,Active,2025-01-10,
S00546,Sen Furniture Store,senfurniturestore654@gmail.com,8050573976,Hyderabad,Telangana,India,4.1,Active,2022-11-27,
S00700,Grocery Hub - Sawhney,groceryhubsawhney968@gmail.com,6347509889,Bengaluru,Karnataka,India,3.6,Inactive,2022-03-14,
S00137,Borah Mart,borahmart826@gmail.com,9086688263,Delhi,Delhi,India,2.8,Active,2019-11-20,
S00650,Bir Enterprises,birenterprises516@gmail.com,9432512257,Delhi,Delhi,India,2.3,Active,2024-04-27,
S00253,Ramakrishnan Electronics Retail Pvt Ltd,ramakrishnanelectron642@gmail.com,6336138612,Mumbai,Maharashtra,India,1.6,Active,2019-06-05,
S00654,Borah Enterprises,borahenterprises943@gmail.com,9148782455,Bengaluru,Karnataka,India,3.2,Active,2022-02-05,
S00959,Mangal Mobiles & Accessories Co.,mangalmobilesaccesso763@gmail.com,7787655300,Chennai,Tamil Nadu,India,3.4,Active,2022-12-26,
S00302,Loyal Home & Lifestyle Traders,loyalhomelifestyletr596@gmail.com,9925132719,Pune,Maharashtra,India,3.1,Inactive,2026-01-04,
S00627,Books & Stationery Retail Pvt Ltd - Sahni,booksstationeryretai209@gmail.com,6106092098,Coimbatore,Tamil Nadu,India,4.5,Active,2023-04-16,
S00835,Michael Books & Stationery Traders,michaelbooksstatione757@gmail.com,7850317235,Bengaluru,Karnataka,India,2.0,Active,2021-04-26,
S00847,Finn Footwear Emporium,finnfootwearemporium137@gmail.com,7333939578,Chennai,Tamil Nadu,India,4.3,Active,2023-03-16,
S00362,Agate Fashion Emporium,agatefashionemporium481@gmail.com,9879565442,Bengaluru,Karnataka,India,1.7,Inactive,2022-05-30,
S00144,Mistry Books & Stationery Mart,mistrybooksstationer515@gmail.com,9211823398,Surat,Gujarat,India,2.8,Active,2023-06-14,
S00972,Beauty Retail Pvt Ltd - Hans,beautyretailpvtltdha287@gmail.com,7607819754,Bengaluru,Karnataka,India,3.9,Active,2022-02-02,
S00404,Charan Beauty Hub,charanbeautyhub44@gmail.com,8947873002,Chandigarh,Chandigarh,India,2.8,Inactive,2026-02-20,
S00608,Pai Grocery Co.,paigroceryco340@gmail.com,9818209679,Surat,Gujarat,India,4.4,Active,2020-10-22,
S00472,Mittal Electronics Co.,mittalelectronicsco862@gmail.com,8485101749,Patna,Bihar,India,4.1,Active,2021-08-25,
S00403,Pathak Books & Stationery Emporium,pathakbooksstationer956@gmail.com,9106462879,Patna,Bihar,India,4.1,Active,2021-01-31,
S00963,Goda Grocery Hub,godagroceryhub372@gmail.com,6145512939,Surat,Gujarat,India,4.2,Active,2022-02-06,
S00187,Balvan Fashion Exports,balvanfashionexports870@gmail.com,8138367024,Nagpur,Maharashtra,India,2.1,Inactive,2024-10-29,
S00258,Gayathri Mobiles & Accessories Traders,gayathrimobilesacces661@gmail.com,6414139755,Ahmedabad,Gujarat,India,2.3,Active,2020-02-14,
S00275,Biswas Kitchenware Retail Pvt Ltd,biswaskitchenwareret220@gmail.com,9589026012,Chennai,Tamil Nadu,India,3.5,Active,2019-12-28,
S00384,Luthra Fashion Collection,luthrafashioncollect73@gmail.com,7799563531,Pune,Maharashtra,India,3.0,Active,2023-08-17,
S00873,Tara Emporium,taraemporium844@gmail.com,7991403884,Ludhiana,Punjab,India,2.8,Active,2019-02-14,
S00351,Mobiles & Accessories Mart - Chada,mobilesaccessoriesma402@gmail.com,7557701715,Indore,Madhya Pradesh,India,3.5,Active,2022-03-02,
S00765,Varma Toys & Baby Care House,varmatoysbabycarehou802@gmail.com,9481980770,Indore,Madhya Pradesh,India,2.9,Active,2019-06-13,
S00798,Electronics Traders - Prabhu,electronicstraderspr919@gmail.com,7161177687,Pune,Maharashtra,India,2.3,Active,2026-02-21,
S00181,Mallick Kitchenware Retail Pvt Ltd,mallickkitchenwarere13@gmail.com,7027588425,Jaipur,Rajasthan,India,2.3,Active,2022-01-05,
S00688,Om Collection,omcollection419@gmail.com,6914985172,Chennai,Tamil Nadu,India,2.8,Active,2021-11-29,duplicate_seller_record
S00922,Sachar Mobiles & Accessories Store,sacharmobilesaccesso464@gmail.com,6695560767,Ahmedabad,Gujarat,India,4.5,Active,2021-11-10,
S00287,Faqid Kitchenware Retail Pvt Ltd,faqidkitchenwarereta826@gmail.com,6267288574,Delhi,Delhi,India,2.8,Inactive,2019-07-15,
S00172,Amara Grocery Collection,amaragrocerycollecti1@gmail.com,9324241541,Mumbai,Maharashtra,India,3.2,Inactive,2020-11-08,
S00128,Furniture Mart - Baral,furnituremartbaral630@gmail.com,7327279568,Ahmedabad,Gujarat,India,4.5,Active,2026-06-13,
S00690,Fashion Exports - Devan,fashionexportsdevan554@gmail.com,6935118718,Ludhiana,Punjab,India,2.0,Active,2025-05-25,
S00032,Toys & Baby Care Collection - Garg,toysbabycarecollecti770@gmail.com,7487347143,Jaipur,Rajasthan,India,2.9,Active,2025-01-21,
S00969,Sha Home & Lifestyle Co.,shahomelifestyleco749@gmail.com,6623419031,Delhi,Delhi,India,4.3,Active,2020-03-14,
S00583,Subramaniam Mart,subramaniammart599@gmail.com,9112910933,Bengaluru,Karnataka,India,4.0,Inactive,2019-11-03,
S00468,Sports & Fitness Collection - Dugar,sportsfitnesscollect967@gmail.com,6720811556,Bengaluru,Karnataka,India,4.8,Active,2019-09-09,
S00703,Upasna Home & Lifestyle Traders,upasnahomelifestylet853@gmail.com,6534967827,Hyderabad,Telangana,India,2.9,Active,2020-05-06,
S00340,Mobiles & Accessories Store - Date,mobilesaccessoriesst199@gmail.com,6107139660,Lucknow,Uttar Pradesh,India,3.1,Active,2026-02-24,
S00635,Fashion Hub - Randhawa,fashionhubrandhawa601@gmail.com,9498560125,Pune,Maharashtra,India,3.3,Active,2021-10-01,
S00746,Chada Collection,chadacollection46@gmail.com,7461562624,Ahmedabad,Gujarat,India,3.0,Active,2024-05-22,
S00391,Nath Hub,nathhub807@gmail.com,6950850165,Ahmedabad,Gujarat,India,3.4,Active,2023-02-09,
S00400,Agarwal House,agarwalhouse457@gmail.com,8150939834,Pune,Maharashtra,India,2.6,Active,2023-12-30,
S00774,Grocery Hub - Grover,groceryhubgrover63@gmail.com,7339977180,Kochi,Kerala,India,3.0,Active,2021-03-15,
S00370,Kar Ventures,karventures918@gmail.com,6244717465,Ahmedabad,Gujarat,India,2.8,Active,2022-02-09,
S00889,Fashion Exports - Hayer,fashionexportshayer987@gmail.com,7370096873,Lucknow,Uttar Pradesh,India,4.0,Active,2022-03-19,
S00917,Beauty Hub - Divan,beautyhubdivan861@gmail.com,7208953263,Hyderabad,Telangana,India,3.6,Active,2020-10-18,
S00399,Grocery Traders - Raval,grocerytradersraval663@gmail.com,8749297517,Coimbatore,Tamil Nadu,India,4.4,Active,2025-03-06,duplicate_seller_record
S00031,Loke Books & Stationery Store,lokebooksstationerys468@gmail.com,7788957986,Chennai,Tamil Nadu,India,4.3,Active,2020-10-13,
S00905,Nagar Books & Stationery Traders,nagarbooksstationery538@gmail.com,8980425373,Bengaluru,Karnataka,India,2.6,Active,2024-05-14,
S00276,Balasubramanian Home & Lifestyle Emporium,balasubramanianhomel624@gmail.com,6669849027,Mumbai,Maharashtra,India,3.4,Active,2026-05-14,
S00713,Mane Home & Lifestyle Traders,manehomelifestyletra866@gmail.com,6818670244,Hyderabad,Telangana,India,1.6,Active,2021-10-09,
S00054,Apte Electronics Store,apteelectronicsstore473@gmail.com,6274846773,Hyderabad,Telangana,India,3.4,Active,2021-02-19,
S00378,Zacharia Collection,zachariacollection856@gmail.com,6117993136,Chandigarh,Chandigarh,India,3.1,Active,2023-07-05,
S00244,Dua Emporium,duaemporium206@gmail.com,7945228851,Indore,Madhya Pradesh,India,4.1,Active,2025-07-15,
S00812,Gera Footwear Enterprises,gerafootwearenterpri104@gmail.com,9397396417,Chandigarh,Chandigarh,India,3.7,Active,2023-03-20,
S00641,Panchal House,panchalhouse175@gmail.com,6358004010,Indore,Madhya Pradesh,India,4.6,Active,2022-09-10,
S00699,Wazir Furniture Collection,wazirfurniturecollec297@gmail.com,9229812099,Coimbatore,Tamil Nadu,India,3.2,Active,2023-04-03,
S00191,Fashion Exports - D’Alia,fashionexportsdalia267@gmail.com,7067883171,Bengaluru,Karnataka,India,4.2,Active,2019-02-18,
S00967,Hredhaan Home & Lifestyle Traders,hredhaanhomelifestyl217@gmail.com,9384526969,Chennai,Tamil Nadu,India,2.9,Active,2020-05-25,
S00409,Khatri Home & Lifestyle Store,khatrihomelifestyles428@gmail.com,9112075452,Pune,Maharashtra,India,4.2,Inactive,2025-09-13,
S00001,Fashion Co. - Choudhury,fashioncochoudhury251@gmail.com,7218196001,Kolkata,West Bengal,India,2.7,Active,2019-04-19,
S00537,Ghosh Beauty Exports,ghoshbeautyexports419@gmail.com,6169236458,Bengaluru,Karnataka,India,4.0,Active,2023-02-17,
S00698,Bassi Emporium,bassiemporium412@gmail.com,7415599910,Coimbatore,Tamil Nadu,India,2.0,Inactive,2024-01-13,
S00326,Krishnamurthy Books & Stationery Hub,krishnamurthybooksst189@gmail.com,8205664742,Bengaluru,Karnataka,India,4.2,Active,2021-01-26,
S00975,Grewal Hub,grewalhub643@gmail.com,9802058695,Indore,Madhya Pradesh,India,1.1,Active,2020-03-20,duplicate_seller_record
S00659,Tripathi Hub,tripathihub309@gmail.com,8149782661,Delhi,Delhi,India,2.3,Active,2022-07-07,
S00810,Das Collection,dascollection73@gmail.com,8406417692,Hyderabad,Telangana,India,4.4,Active,2024-06-18,
S00040,Murty Co.,,7849877694,Kolkata,West Bengal,India,3.0,Active,2019-12-21,null_email
S00768,Mangal Traders,mangaltraders902@gmail.com,8954429477,Pune,Maharashtra,India,3.9,Active,2020-06-10,
S00506,Kant Enterprises,kantenterprises904@gmail.com,7338655963,Kochi,Kerala,India,4.5,Active,2025-08-02,
S00201,Neha Kitchenware Ventures,nehakitchenwareventu872@gmail.com,6295939172,Surat,Gujarat,India,3.1,Active,2022-11-21,
S00591,Abeer Home & Lifestyle Co.,abeerhomelifestyleco378@gmail.com,7717272239,Pune,Maharashtra,India,3.5,Active,2026-04-06,
S00529,Electronics Ventures - Nath,electronicsventuresn647@gmail.com,9252571509,Pune,Maharashtra,India,4.5,Active,2024-09-24,
S00328,Jagdish Sports & Fitness Collection,jagdishsportsfitness141@gmail.com,7330604633,Bengaluru,Karnataka,India,4.1,Active,2023-12-05,
S00133,Deep Home & Lifestyle Traders,deephomelifestyletra306@gmail.com,9868633752,Surat,Gujarat,India,2.9,Inactive,2020-04-07,
S00855,Fashion Collection - Bhasin,fashioncollectionbha928@gmail.com,7034476504,Patna,Bihar,India,4.1,Active,2024-02-20,
S00858,Jani Footwear Hub,janifootwearhub24@gmail.com,7131251293,Lucknow,Uttar Pradesh,India,4.2,Inactive,2019-02-09,
S00158,Andra Ventures,andraventures457@gmail.com,8679825071,Jaipur,Rajasthan,India,2.9,Inactive,2019-12-18,
S00866,Sengupta Exports,senguptaexports410@gmail.com,8062292310,Lucknow,Uttar Pradesh,India,3.2,Active,2022-10-13,
S00736,Kitchenware Retail Pvt Ltd - Dara,kitchenwareretailpvt55@gmail.com,9424295633,Jaipur,Rajasthan,India,2.9,Active,2022-04-23,
S00510,Barad Emporium,barademporium598@gmail.com,6789567766,Delhi,Delhi,India,3.2,Active,2022-01-23,
S00518,Fashion Retail Pvt Ltd - Reddy,fashionretailpvtltdr881@gmail.com,9621286716,Bengaluru,Karnataka,India,4.6,Inactive,2020-06-16,
S00447,Vinaya Grocery Co.,vinayagroceryco447@gmail.com,6707587771,Chennai,Tamil Nadu,India,4.3,Inactive,2020-05-21,
S00938,Mani Hub,manihub684@gmail.com,8933067458,Kolkata,West Bengal,India,3.0,Inactive,2023-07-16,
S00589,Kitchenware Hub - Gole,kitchenwarehubgole740@gmail.com,7694500534,Mumbai,Maharashtra,India,2.5,Inactive,2025-01-10,
S00639,Yashvi Beauty Retail Pvt Ltd,yashvibeautyretailpv38@gmail.com,6501716445,Coimbatore,Tamil Nadu,India,4.1,Active,2025-03-29,
S00878,Wridesh Electronics Collection,wrideshelectronicsco559@gmail.com,6866281372,Bengaluru,Karnataka,India,2.2,Inactive,2021-12-04,
S00154,Basu Ventures,basuventures308@gmail.com,8937526547,Chennai,Tamil Nadu,India,4.7,Active,2022-08-27,
S00555,Sawhney Grocery Emporium,sawhneygroceryempori871@gmail.com,8729277423,Bengaluru,Karnataka,India,2.7,Active,2026-04-21,
S00394,Tandon Toys & Baby Care Enterprises,tandontoysbabycareen401@gmail.com,7411241272,Pune,Maharashtra,India,4.4,Pending,2026-01-13,invalid_seller_status
S00505,Bakshi Traders,bakshitraders389@gmail.com,6534735528,Indore,Madhya Pradesh,India,4.7,Inactive,2023-11-12,
S00545,Vamakshi Electronics Traders,vamakshielectronicst892@gmail.com,9209184357,Indore,Madhya Pradesh,India,3.8,Active,2024-04-30,
S00626,Sanghvi Co.,sanghvico413@gmail.com,8826312819,Nagpur,Maharashtra,India,4.2,Active,2026-01-13,
S00507,Shetty Mart,shettymart336@gmail.com,7042897317,Pune,Maharashtra,India,4.2,Active,2020-11-16,
S00473,Rajagopalan Ventures,rajagopalanventures359@gmail.com,8492683158,Lucknow,Uttar Pradesh,India,3.7,Active,2023-01-19,
S00680,Ramanathan Books & Stationery Ventures,ramanathanbooksstati822@gmail.com,6301027240,Bengaluru,Karnataka,India,3.0,Active,2021-09-27,
S00643,Furniture Collection - Dhingra,furniturecollectiond330@gmail.com,98557,Kolkata,West Bengal,India,4.0,Active,2024-07-18,invalid_phone_format
S00737,Khare Toys & Baby Care Mart,kharetoysbabycaremar502@gmail.com,8955872096,Delhi,Delhi,India,2.4,Active,2023-11-13,
S00066,Toys & Baby Care Traders - Naik,toysbabycaretradersn938@gmail.com,7174612004,Ahmedabad,Gujarat,India,4.9,Active,2021-08-19,
